Title,Name
Jazlyn & Kay Know How to Satisfy,Jazlyn Ray
Jazlyn & Kay Know How to Satisfy,Kay Lovely
Filling Jade's Ass & Sera's Throat,Jade Valentine
Filling Jade's Ass & Sera's Throat,Sera Ryder
Backshots & Blowjobs With Brenna & Valerica,Valerica Steele
Backshots & Blowjobs With Brenna & Valerica,Brenna McKenna
Emma's Anal Return,Emma Hix
Emma's Anal Return,Tiana Blow
Anal Ambition with Rebel & Sera,Rebel Rhyder
Anal Ambition with Rebel & Sera,Sera Ryder
Getting In Kylie & Marilyn's Asses,Marilyn Johnson
Getting In Kylie & Marilyn's Asses,Kylie Le Beau
Anal Enjoyment With Rosalyn & Hazel,Rosalyn Sphinx
Anal Enjoyment With Rosalyn & Hazel,Hazel Moore
Tommy & Katrina Go Crazy for Anal,Katrina Colt
Tommy & Katrina Go Crazy for Anal,Tommy King
All Up In Cali & Avery's Asses,Cali Caliente
All Up In Cali & Avery's Asses,Avery Jane
Aillee and Samantha's Anal Play Date,Ailee Anne
Aillee and Samantha's Anal Play Date,Samantha Reigns
ATM & Anal with Nicole and Reina,Reina Heart
ATM & Anal with Nicole and Reina,Nicole Doshi
Double the Fun With Katrina & Electra,Katrina Colt
Double the Fun With Katrina & Electra,Electra Rayne
Willow Feeds It To Ari,Willow Ryder
Willow Feeds It To Ari,Ari Alectra
Brooklyn & Lydia's Anal Showdown,Lydia Black
Brooklyn & Lydia's Anal Showdown,Brooklyn Gray
Hazel and Sophia Are All In For Anal,Hazel Moore
Hazel and Sophia Are All In For Anal,Sophia Burns
Jesse & Nadia's Anal Fuckfest,Jesse Pony
Jesse & Nadia's Anal Fuckfest,Nadia Noja
Assfucking Heaven With Liz & Joey,Joey White
Assfucking Heaven With Liz & Joey,Liz Jordan
Misty & Lana's Anal Needs,Misty Meaner
Misty & Lana's Anal Needs,Lana Analise
Backdoor Girlfriends Summer & Katrina,Katrina Colt
Backdoor Girlfriends Summer & Katrina,Summer Vixen
ATM Fuck Date with Hime & Mackenzie,Hime Marie
ATM Fuck Date with Hime & Mackenzie,Mackenzie Mace
Tasting Summer's Ass,Lola Mai
Tasting Summer's Ass,Summer Vixen
Maddy and Brenna Love to Get Wild,Brenna McKenna
Maddy and Brenna Love to Get Wild,Maddy May
Katalina & Tommy's Ass Stretching Party,Tommy King
Katalina & Tommy's Ass Stretching Party,Katalina Kyle
Rose and Nicole are Anally Talented,Rose Lynn
Rose and Nicole are Anally Talented,Nicole Aria
Naughty Anal & Oral with Khloe & Rosalyn,Rosalyn Sphinx
Naughty Anal & Oral with Khloe & Rosalyn,Khloe Kapri
Lolly loves Mona's Ass,Mona Azar
Lolly loves Mona's Ass,Lolly Dames
Katrina & Lola’s Anal Bang,Katrina Colt
Katrina & Lola’s Anal Bang,Lola Mai
"Backdoor Babes, Bella & Erin",Bella Rolland
"Backdoor Babes, Bella & Erin",Erin Everheart
Victoria and Charlie Give Up the Goods,Charlie Valentine
Victoria and Charlie Give Up the Goods,Victoria Sunshine
Dixie’s Cum Back with Mia,Dixie Lynn
Dixie’s Cum Back with Mia,Mia Kay
Mila & Lydia Are Anal Deviants,Mila Taylor
Mila & Lydia Are Anal Deviants,Lydia Black
Backdoor Pleasures for Lana & Mackenzie,Lana Sharapova
Backdoor Pleasures for Lana & Mackenzie,Mackenzie Mace
Popping Lolly’s Anal Cherry,Lolly Dames
Popping Lolly’s Anal Cherry,Cadence Lux
A Taste of Summer!,Summer Vixen
A Taste of Summer!,Bunny Madison
Up the Ass for Bailey & Lana,Bailey Base
Up the Ass for Bailey & Lana,Lana Analise
Gia & Paige’s Anal Obsession,Gia Derza
Gia & Paige’s Anal Obsession,Paige Owens
Lilly & Jesse's Ass to Mouth Frenzy,Lilly James
Lilly & Jesse's Ass to Mouth Frenzy,Jesse Pony
Lily's Ass Makes Harley's Day,Lily Lou
Lily's Ass Makes Harley's Day,Harley King
Maddy & Payton Get Wild,Maddy May
Maddy & Payton Get Wild,Payton Preslee
Alexis & Zerella’s Anal Slutfest,Alexis Tae
Alexis & Zerella’s Anal Slutfest,Zerella Skies
Nicole & Jasmine's Fantasy Anal Fuck,Jasmine Wilde
Nicole & Jasmine's Fantasy Anal Fuck,Nicole Aria
Zerella & Gia’s Anal Connection,Gia DiBella
Zerella & Gia’s Anal Connection,Zerella Skies
Avery & Gia are Anal Fanatics,Gia Derza
Avery & Gia are Anal Fanatics,Avery Jane
Venus & Jesse’s Ass to Mouth Adventure,Venus Vera
Venus & Jesse’s Ass to Mouth Adventure,Jesse Pony
Summer and Rory’s Anal Fuckfest,Summer Vixen
Summer and Rory’s Anal Fuckfest,Rory Knox
Savannah & Harley’s Naughty Afternoon,Savannah Bond
Savannah & Harley’s Naughty Afternoon,Harley King
Brenna & Izzy Are Anal All Stars,Izzy Lush
Brenna & Izzy Are Anal All Stars,Brenna McKenna
Back to Back Anal For Liz & Electra,Liz Jordan
Back to Back Anal For Liz & Electra,Electra Rayne
XxLayna & Izzy’s ATM Date,XxLayna Marie
XxLayna & Izzy’s ATM Date,Izzy Lush
Katalina’s Ass Gets Wide Open,Tommy King
Katalina’s Ass Gets Wide Open,Katalina Kyle
Mega Sluts Lily and Nia Get Together,Nia Nacci
Mega Sluts Lily and Nia Get Together,Lily Lou
Anal Tag Team with Lana & Erin,Erin Everheart
Anal Tag Team with Lana & Erin,Lana Analise
Ass Obsession With Lily & Maddy,Maddy May
Ass Obsession With Lily & Maddy,Lily Lou
Whitney & Marilyn Get Wild,Marilyn Johnson
Whitney & Marilyn Get Wild,Whitney Wright
Penelope & Rory Bring It Back,Penelope Woods
Penelope & Rory Bring It Back,Rory Knox
Rose & Naudi’s Ass Loving Showcase,Rose Lynn
Rose & Naudi’s Ass Loving Showcase,Naudi Nala
Tasting Lilly’s Gape,Alicia Williams
Tasting Lilly’s Gape,Lilly James
Anal Play for Hime & Spencer,Hime Marie
Anal Play for Hime & Spencer,Spencer Bradley
Gia’s ATM Play Date with Sera,Gia Derza
Gia’s ATM Play Date with Sera,Sera Ryder
Ashley & Erin’s Gorgeous Gapes,Ashley Lane
Ashley & Erin’s Gorgeous Gapes,Erin Everheart
Marilyn and Electra are Back At It!,Marilyn Johnson
Marilyn and Electra are Back At It!,Electra Rayne
Vanessa & Brenna Go Crazy for Anal,Brenna McKenna
Vanessa & Brenna Go Crazy for Anal,Vanessa Vega
Penelope and Nadia’s Anal Tag Team,Penelope Woods
Penelope and Nadia’s Anal Tag Team,Nadia Noja
Raunchy Anal Times with Tommy & Abbie,Tommy King
Raunchy Anal Times with Tommy & Abbie,Abbie Maley
Honey & Ava Are Horny For Anal,Honey Hayes
Honey & Ava Are Horny For Anal,Ava Sinclaire
Buttfuck & Suck Frenzy with Nicole and Indica,Indica Monroe
Buttfuck & Suck Frenzy with Nicole and Indica,Nicole Sage
Lilly’s Anal Assignment with Maya,Maya Farrell
Lilly’s Anal Assignment with Maya,Lilly Hall
Nadia & London’s Anal Connection,London River
Nadia & London’s Anal Connection,Nadia Noja
Nicole and Avery's Anal Showdown,Nicole Aria
Nicole and Avery's Anal Showdown,Avery Jane
Anal Ambition with Penelope and Zerella,Penelope Woods
Anal Ambition with Penelope and Zerella,Zerella Skies
Valerica & Karma’s Anal Slutfest,Karma Rx
Valerica & Karma’s Anal Slutfest,Valerica Steele
Playful Anal & Oral  with Scarlett and Gia,Gia DiBella
Playful Anal & Oral  with Scarlett and Gia,Scarlett Hampton
Aussie Anal Sluts Savannah & Angela,Angela White
Aussie Anal Sluts Savannah & Angela,Savannah Bond
Liz & Mia’s Tasty Threesome,Liz Jordan
Liz & Mia’s Tasty Threesome,Mia Kay
Opening Kyler’s Ass & Jazmin’s Throat,Jazmin Luv
Opening Kyler’s Ass & Jazmin’s Throat,Kyler Quinn
Something About Mia & Rory,Mia Kay
Something About Mia & Rory,Rory Knox
Deep Inside Rebel’s Slutty Ass,Rebel Rhyder
Deep Inside Rebel’s Slutty Ass,Selena Love
Eliza & Marilyn  Sharing a Dick Up Their Asses,Marilyn Johnson
Eliza & Marilyn  Sharing a Dick Up Their Asses,Eliza Ibarra
Chanell & Savannah's Ass to Mouth Adventure,Savannah Bond
Chanell & Savannah's Ass to Mouth Adventure,Chanell Heart
Gia & Luna Let Loose for Anal,Luna Mills
Gia & Luna Let Loose for Anal,Gia DiBella
Paige & Gia’s Butts Get Filled Up,Gia Derza
Paige & Gia’s Butts Get Filled Up,Paige Owens
Liz & Selena’s Fuck & Suck Fest,Liz Jordan
Liz & Selena’s Fuck & Suck Fest,Selena Love
Penelope & Rory’s Raunchy Anal Romp,Rory Knox
Penelope & Rory’s Raunchy Anal Romp,Penelope Woods
Anal Obsession With Isabel & Catalina,Catalina Ossa
Anal Obsession With Isabel & Catalina,Isabel Moon
Zoe & Erin’s Anal Bang,Zoe Sparx
Zoe & Erin’s Anal Bang,Erin Everheart
Kay’s Ass Makes Anna Claire’s Day,Kay Carter
Kay’s Ass Makes Anna Claire’s Day,Anna Claire Clouds
Ass Gaping Adventures with Nikole & Angel,Nikole Nash
Ass Gaping Adventures with Nikole & Angel,Angel Youngs
Electra And Marilyn Are Backdoor Baddies!,Electra Rayne
Electra And Marilyn Are Backdoor Baddies!,Marilyn Johnson
Anal & ATM Madness with Reyna and Angel,Angel Youngs
Anal & ATM Madness with Reyna and Angel,Reyna Delacruz
Brenna & April Bonding Over Anal,April Olsen
Brenna & April Bonding Over Anal,Brenna McKenna
Anal Showdown with Angel & Gabbie,Angel Youngs
Anal Showdown with Angel & Gabbie,Gabbie Carter
Lydia and Kaiia Love Sharing,Lydia Black
Lydia and Kaiia Love Sharing,Kaiia Eve
All-Out Anal with Bella and Jackie,Jackie Ohh
All-Out Anal with Bella and Jackie,Bella Rolland
A Taste of Angela’s Ass,Angela White
A Taste of Angela’s Ass,Brooklyn Gray
Rebel & Gia’s Gape Party,Gia Derza
Rebel & Gia’s Gape Party,Rebel Rhyder
Catalina Sucks It Out of Isabel’s Ass,Isabel Moon
Catalina Sucks It Out of Isabel’s Ass,Catalina Ossa
Lilly & Jennifer Don't Hold Back,Lilly Hall
Lilly & Jennifer Don't Hold Back,Jennifer White
Bella & Adira's Anal Session,Adira Allure
Bella & Adira's Anal Session,Bella Rolland
Dixie & Bailey’s Juicy Anal Threeway,Dixie Lynn
Dixie & Bailey’s Juicy Anal Threeway,Bailey Base
Big Booty Madness with Valentina and Carmela,Valentina Jewels
Big Booty Madness with Valentina and Carmela,Carmela Clutch
Vanessa & Kay Go Crazy for Anal,Kay Carter
Vanessa & Kay Go Crazy for Anal,Vanessa Sky
April & Lilly's Anal Day,Lilly Hall
April & Lilly's Anal Day,April Olsen
Aliya’s ATM Date with Nikole,Nikole Nash
Aliya’s ATM Date with Nikole,Aliya Brynn
Paige and April’s Backdoor Fuckfest,Paige Owens
Paige and April’s Backdoor Fuckfest,April Olsen
Isabella & Gwen's Wild Anal Party,Isabella Nice
Isabella & Gwen's Wild Anal Party,Gwen Vicious
Deep in Dixie’s Ass,Dixie Lynn
Deep in Dixie’s Ass,Liz Jordan
Backdoor and ATM action with Maddy and Jamie,Maddy May
Backdoor and ATM action with Maddy and Jamie,Jamie Jett
Patti & Gwen’s Double Anal Getdown,Gwen Vicious
Patti & Gwen’s Double Anal Getdown,Texas Patti
Anal and Atm Fun with Lacey and Ashley,Ashley Lane
Anal and Atm Fun with Lacey and Ashley,Lacey London
Alexis & Jamie's Tasty Threesome,Alexis Tae
Alexis & Jamie's Tasty Threesome,Jamie Jett
Non-Stop Anal with Paisley and Nia,Paisley Porter
Non-Stop Anal with Paisley and Nia,Nia Nacci
Violet and Gia’s Anal Rematch,Gia Derza
Violet and Gia’s Anal Rematch,Violet Starr
Anal Initiation with Kendra & Emma,Emma Hix
Anal Initiation with Kendra & Emma,Kendra Cole
Anal BFF Trio in Action!,Lenna Lux
Anal BFF Trio in Action!,Angelica Cruz
Anal BFF Trio in Action!,Jeyla Spice
Chloe and Adira’s Anal Tag Team,Chloe Cherry
Chloe and Adira’s Anal Tag Team,Adira Allure
Kali Loves Chloe’s Ass,Chloe Amour
Kali Loves Chloe’s Ass,Kali Roses
Anal Party with Paisley and Serena,Paisley Paige
Anal Party with Paisley and Serena,Serena Santos
Gia and Violet are Certified Buttsluts,Violet Starr
Gia and Violet are Certified Buttsluts,Gia Derza
Nia’s All Anal Return,Nia Nacci
Nia’s All Anal Return,Emma Starletto
Double Trouble with April and Maddy,April Olsen
Double Trouble with April and Maddy,Maddy May
A Taste of Kayla’s Gapes,Kayla Kayden
A Taste of Kayla’s Gapes,Lilly Bell
Anal Ambition with Kay Carter and Nikki Sweet,Kay Carter
Anal Ambition with Kay Carter and Nikki Sweet,Nikki Sweet
Anal & Atm Fun with Nikole and Sera,Nikole Nash
Anal & Atm Fun with Nikole and Sera,Sera Ryder
ATM Bonding session with Paisley and Sommer,Sommer Love
ATM Bonding session with Paisley and Sommer,Paisley Porter
Round 2 with Haley and Alexis,Alexis Tae
Round 2 with Haley and Alexis,Haley Reed
Anal ASSist With April and Anna Claire,April Olsen
Anal ASSist With April and Anna Claire,Anna Claire Clouds
Anal Cravings with Rebel and Lana,Rebel Rhyder
Anal Cravings with Rebel and Lana,Lana Analise
Gapes Gone Wild with Gia and Jane,Jane Wilde
Gapes Gone Wild with Gia and Jane,Gia Derza
First Time Tryout with Megan and Jackie,Jackie Ohh
First Time Tryout with Megan and Jackie,Megan Maiden
Lexi and Rebel are Sodomy Starlets,Lexi Grey
Lexi and Rebel are Sodomy Starlets,Rebel Rhyder
Charlotte and Lydia Are Lubed Up and Ready,Charlotte Sartre
Charlotte and Lydia Are Lubed Up and Ready,Lydia Black
Sharing is Caring with Haley and Alexis,Alexis Tae
Sharing is Caring with Haley and Alexis,Haley Reed
Party of Threesome with Anny and Ana,Ana Foxxx
Party of Threesome with Anny and Ana,Anny Aurora
Vanessa and Val's Deviant Display,Valerica Steele
Vanessa and Val's Deviant Display,Vanessa Vega
Indecent Exposure with Isabel and Betty,Betty Foxxx
Indecent Exposure with Isabel and Betty,Isabel Moon
Backdoor Business with Violet and Valentina,Valentina Nappi
Backdoor Business with Violet and Valentina,Violet Starr
Big Gape Energy with Anna and Jane,Anna De Ville
Big Gape Energy with Anna and Jane,Jane Wilde
Down and Nasty with Keira and Kendra,Keira Croft
Down and Nasty with Keira and Kendra,Kendra Spade
Anal Offerings with Emma and Lana,Emma Hix
Anal Offerings with Emma and Lana,Lana Sharapova
Rear-end Collision with Neveah and Kay,Kay Carter
Rear-end Collision with Neveah and Kay,Neveah Snow
Butthole Delight with Vienna and Dee,Dee Williams
Butthole Delight with Vienna and Dee,Vienna Rose
ATM Introduction for Eliza and Kiarra,Eliza Ibarra
ATM Introduction for Eliza and Kiarra,Kiarra Kai
Pink Cheek Perfection with Layla and Chanel,Chanel Grey
Pink Cheek Perfection with Layla and Chanel,Layla Love
Cotton Candy Crush with Adira and Leah,Adira Allure
Cotton Candy Crush with Adira and Leah,Leah Winters
In Good Company with Alexis and Natalie,Alexis Tae
In Good Company with Alexis and Natalie,Natalie Porkman
Anal and ATM Excitement with Chanel and Aria,Aria Lee
Anal and ATM Excitement with Chanel and Aria,Chanel Preston
Full Moon Perversions with Isabel and Luna,Isabel Moon
Full Moon Perversions with Isabel and Luna,Luna Lovely
Febby and Kenzie Make a Nasty Duo,Febby Twigs
Febby and Kenzie Make a Nasty Duo,Kenzie Madison
Dana and Gia Go All Out Nasty,Dana DeArmond
Dana and Gia Go All Out Nasty,Gia Derza
Wicked Ways with Riley and Emma,Emma Starletto
Wicked Ways with Riley and Emma,Riley Steele
Anything Goes with Julie and Kira,Julie Kay
Anything Goes with Julie and Kira,Kira Noir
Gape Frenzy with Harmony and Lexi,Harmony Wonder
Gape Frenzy with Harmony and Lexi,Lexi Lore
Big Booty Love with Valentina and Adriana,Adriana Maya
Big Booty Love with Valentina and Adriana,Valentina Jewels
Arietta and Dixie Are Down and Dirty Darlings,Arietta Adams
Arietta and Dixie Are Down and Dirty Darlings,Dixie Lynn
Sluts on Parade with Bella and Adira,Adira Allure
Sluts on Parade with Bella and Adira,Bella Rolland
Milf Masterpiece with London and Jasmine,Jasmine Jae
Milf Masterpiece with London and Jasmine,London River
Lisey and Candice Are Bubble Butt Bombshells,Candice Dare
Lisey and Candice Are Bubble Butt Bombshells,Lisey Sweet
Red Head Fantasy with Luna and Aria,Luna Light
Red Head Fantasy with Luna and Aria,Aria Carson
ATM Initiation with Karma and Violet,Karma Rx
ATM Initiation with Karma and Violet,Violet Starr
Double Stuffed Delight with Sailor and Maya,Maya Kendrick
Double Stuffed Delight with Sailor and Maya,Sailor Luna
Lewd Conduct with Nia and Eliza,Eliza Ibarra
Lewd Conduct with Nia and Eliza,Nia Nacci
Risqué Business with Skyler and Vanessa,Skyler Nicole
Risqué Business with Skyler and Vanessa,Vanessa Sky
Vina and Kenzie are Anal Sweethearts,Kenzie Reeves
Vina and Kenzie are Anal Sweethearts,Vina Sky
Adriana and Brooklyn are Partners in Slime,Adriana Chechik
Adriana and Brooklyn are Partners in Slime,Brooklyn Gray
Naughty Teamwork with Gia and Penelope,Gia Paige
Naughty Teamwork with Gia and Penelope,Penelope Reed
Ass Gaping Drills with Chloe and Natalia,Chloe Cherry
Ass Gaping Drills with Chloe and Natalia,Natalia Queen
Juicy Anal Affair with Bella and Katie,Bella Jane
Juicy Anal Affair with Bella and Katie,Katie Kush
Cock Patrol with Brooklyn and Vanna,Brooklyn Chase
Cock Patrol with Brooklyn and Vanna,Vanna Bardot
Aiding and Abetting with Haley and Leah,Haley Reed
Aiding and Abetting with Haley and Leah,Leah Winters
Messy Mischief with Aaliyah and Abigail,Aaliyah Hadid
Messy Mischief with Aaliyah and Abigail,Abigail Peach
ATM Session with Khloe and Natalie,Khloe Kapri
ATM Session with Khloe and Natalie,Natalie Brooks
Slip and Slide into Adria and Katya,Adria Rae
Slip and Slide into Adria and Katya,Katya Rodriguez
Gaping Anal 3 Way with Cassie and Nelly,Cassie Del Isla
Gaping Anal 3 Way with Cassie and Nelly,Nelly Kent
In and Out Service with Daisy and Lenna,Daisy Stone
In and Out Service with Daisy and Lenna,Lenna Lux
The Nasty Show with Arietta and Brooklyn,Arietta Adams
The Nasty Show with Arietta and Brooklyn,Brooklyn Gray
Filthy Fun with Esperanza and Luna,Esperanza Del Horno
Filthy Fun with Esperanza and Luna,Luna Rival
Tit and Ass Fucking with Anissa and Sharon,Anissa Kate
Tit and Ass Fucking with Anissa and Sharon,Sharon Lee
ATM Extravaganza with Layla and Carolina,Carolina Sweets
ATM Extravaganza with Layla and Carolina,Layla Love
BFF Tag Team with Zoe and Rosalyn,Zoe Bloom
BFF Tag Team with Zoe and Rosalyn,Rosalyn Sphinx
Anal Dream Team with Anny and Avi,Avi Love
Anal Dream Team with Anny and Avi,Anny Aurora
Anal Sex…FOREVER!,Emily Willis
Anal Sex…FOREVER!,Jane Wilde
Big Booty Bonanza with Gia and Chanell,Chanell Heart
Big Booty Bonanza with Gia and Chanell,Gia Paige
Katie's Butthole Special,Katie Kush
Mona's Ass Wants More,Mona Azar
Hot Anal Desires With Willow,Willow Ryder
Getting In Savannah's Booty,Savannah Bond
Marilyn's Anal Dream,Marilyn Johnson
Joey Needs Her Booty Banged,Joey White
Dixie Lynn Does it Again,Dixie Lynn
Deep In Kay's Ass,Kay Carter
Liz Has Anal Demands,Liz Jordan
Jessie Can't Get Enough,Jessie Rogers
Penelope Wants It Deep,Penelope Woods
Tommy's Anal Excitement,Tommy King
Xochi Loves Anal,Xochi Moon
Joey's Hot For Anal,Joey White
Willow Rides A Big One,Willow Ryder
All Up in Cali's Ass,Cali Caliente
Katie's Anal Talents,Katie Kush
Summer Time Anal Fun,Summer Vixen
Back In Avery's Ass,Avery Jane
Katrina's Anal Date,Katrina Colt
Kira Wants Some Anal,Kira Noir
Kylie's In the Mood for Anal,Kylie Le Beau
Riding Nikki's Ass,Nikki Sweet
Katrina's Comin' In Hot,Katrina Colt
Gia's Gonna Get Down,Gia DiBella
Warming Up Ana's Ass,Ana Foxxx
Ass Stretching Nicole,Nicole Doshi
Sophia’s Anal Practice,Sophia Burns
Banging Katalina’s Booty,Katalina Kyle
Two Creampies For Maddy,Maddy May
Lana Gives Up the Booty,Lana Sharapova
Heather’s First Anal Scene,Heather Honey
Fucking Ailee’s Ass,Ailee Anne
Going Deep in Gabi,Gabi Paltrova
Ava’s Anal Playground,Ava Sinclaire
Dicking Down Adira,Adira Allure
Summer Comes Early,Summer Vixen
Jasmine's Ass Takes Every Inch,Jasmine Jae
Alexis Takes It Deep,Alexis Tae
Hard Anal for Kendra,Kendra Cole
Misty Loves Dick in her Ass,Misty Meaner
Anal Time with Tommy,Tommy King
Just Anal for Jessica,Jessica Ryan
Marilyn Stretches Her Hole,Marilyn Johnson
Breaking in Jesse’s Ass,Jesse Pony
Summer’s Anal Craving,Summer Vixen
Lydia Loves Anal,Lydia Black
Straight Up Rose’s Butt,Rose Lynn
Khloe knows how to please,Khloe Kapri
Anal Fun Time with Valentina,Valentina Jewels
Cum Inside Katalina’s Ass,Katalina Kyle
Ass Playtime with Gia,Gia DiBella
Lana’s Anal Return,Lana Analise
Anal Funday For Tommy,Tommy King
Electra's Anal Pounding,Electra Rayne
Lily’s Anal Special,Lily Lou
Opening Up Lilly’s Ass,Lilly James
Hime’s Hot Anal Workout,Hime Marie
London’s Ass Needs a Gaping,London River
Goin’ Hard in Brenna’s Ass,Brenna McKenna
Nadia Gives Up the Booty,Nadia Noja
Gia Gets More Anal,Gia DiBella
Tommy's Anal Talents,Tommy King
Honey Needs Her Butt Filled,Honey Hayes
Lily’s Anal Only Demands,Lily Lou
Getting Wild with Jane,Jane Wilde
Haley’s Butt Needs Gaping,Haley Reed
Kyler’s Anal Pleasures,Kyler Quinn
Scarlett’s Anal Interview,Scarlett Hampton
Back In Bella’s Booty,Bella Rolland
Whitney Wants Anal,Whitney Wright
Gia’s Anal Appetite,Gia Derza
Inside Vanessa's Ass,Vanessa Sky
Gaping Brenna’s Butt,Brenna McKenna
Erin Can’t Get Enough Anal,Erin Everheart
Marilyn is a Badass Backdoor Slut,Marilyn Johnson
Savannah’s Massive Anal Cravings,Savannah Bond
Jillian’s Booty Craves Anal,Jillian Janson
Vanessa Needs It Up the Ass,Vanessa Vega
Right Up Isabel’s Phat Ass,Isabel Moon
Naughty Nicole Needs Anal,Nicole Aria
Avery’s Anal Frenzy,Avery Jane
Fucking Rory’s Round Ass,Rory Knox
Balls Deep in Penelope,Penelope Woods
Bailey’s Butthole Workout,Bailey Base
Brenna Loves Anal,Brenna McKenna
Nicole’s Naughty Ass Fucking,Nicole Sage
Making Mila Gape,Mila Taylor
Liz Loves it Up the Ass,Liz Jordan
Carmela’s Spectacular Anal,Carmela Clutch
Stretching Khloe's Backside,Khloe Kapri
Electra’s Shocking Anal,Electra Rayne
Violet is a Gaping Goddess,Violet Starr
Chloe’s Ass Needs Some More,Chloe Amour
Pleasing Charlotte’s Booty,Charlotte Sins
Deep Inside Dixie,Dixie Lynn
Buttfucking Fun with April,April Olsen
Round 2 with Maddy!,Maddy May
Holly's Horny For Anal,Holly Hendrix
Drilling Candice’s Juicy Ass,Candice Dare
Valentina's Greedy Gapes,Valentina Jewels
Sophia’s Anal Practice,Sophia Deluxe
Hardcore Pounding for Leah,Leah Winters
Deep In Isabel’s Ass,Isabel Moon
Balls Deep Anal with Bella,Bella Rolland
Eliza’s Anal Playground,Eliza Ibarra
Maddy’s first Anal scene!,Maddy May
Anal Fuckdoll Chloe,Chloe Cherry
Advanced Anal With Rebel,Rebel Rhyder
April’s Anal Appointment,April Olsen
Deep Up Keira’s Ass,Keira Croft
Alicia’s Anal Tryout,Alicia Williams
Lana Lives Up to Her Name,Lana Analise
Chloe Needs a Good Fuck,Chloe Surreal
Gaby's Gonna Give It Up,Gaby Ortega
Slimthick Vic Gives it Up,Slimthick Vic
Kimora's Pretty Pussy,Kimora Quin
A Lovely Time with Kay,Kay Lovely
Nika Brings the Heat,Nika Venom
Time to Play With Kat & Jessica,Kat Chase
Time to Play With Kat & Jessica,Jessica Starling
Slide Right Into Jazmin,Jazmin Luv
Ari Opens Up,Ari Alectra
Blake's Tasty Pussy,Blake Blossom
Slippin' Into Amber,Amber Moore
Emma Gives Up The Goods,Emma Starletto
Harley's Dick Cravings,Harley King
Madison Scores Again,Madison Morgan
Busty Kayley Gets The Dick,Kayley Gunner
Gianna's World Class Pussy,Gianna Dior
Taking Clara For a Spin,Clara Trinity
Arietta's Ready For Action!,Arietta Adams
Kimora is Cock Hungry,Kimora Quin
Watch Valerica Get Wild!,Valerica Steele
Dicking Down Lola's Pussy,Lola Mai
Gianna Needs a Good Fill!,Gianna Dior
Valerica's Very Wet Return,Valerica Steele
Braylin's Holes Get Worshipped,Braylin Bailey
Chanel Wants It Deep,Chanel Camryn
Amber Wants Some More,Amber Moore
On Cloud 9 with Anna Claire,Anna Claire Clouds
Kylie is a Major Nympho,Kylie Rocket
Fiona’s Yummy Pussy,Fiona Sprouts
Taking Amber’s Pussy For a Spin,Amber Moore
Cadence Does It Well,Cadence Lux
Jenna's Raunchy Ride,Jenna Starr
Aria is a Total Treat,Aria Lee
Madison Is Back For More,Madison Morgan
Mia is Hot to Trot,Mia Kay
Amber's Wet Romp,Amber Moore
Jazlyn's Juicy Pussy,Jazlyn Ray
Kira’s Pussy Pounding,Kira Perez
Jewelz Can’t Stop Cumming,Jewelz Blu
Pussy Pleasure With Jazlyn,Jazlyn Ray
Making Melody Cum,Melody Marks
Hooked On Kylie,Kylie Quinn
Zerella Needs Her Pussy Stretched,Zerella Skies
Savannah Wants To Fuck,Savannah Sixx
Lolly Wants a Pussy Workout,Lolly Dames
Harley Gets Wet N Wild,Harley King
Aliya Opens Up Her Holes,Aliya Brynn
Stretching Out Roxie,Roxie Sinner
Fuck & Suck Time with Xxlayna,Xxlayna Marie
Slimthick Vic Wants Some Dick,Slimthick Vic
Bella Needs A Big One,Bella Luna
Kay’s Lovely Pussy,Kay Lovely
Xxlayna & Harley Take Turns,Xxlayna Marie
Xxlayna & Harley Take Turns,Harley King
All Access to Madison,Madison Morgan
Hardcore Humping for Emma,Emma Starletto
Caitlin’s Yummy Holes,Caitlin Bell
Indica Wants to Ride It,Indica Monroe
Anna’s Top Tier Pussy,Anna Chambers
Lauren’s Got What You Want,Lauren Pixie
Sexing Up Xxlayna,Xxlayna Marie
Dicking Down Eve’s Pussy,Eve Marlowe
Kay Gets Sexed Up,Kay Lovely
Cecelia is Hot to Trot,Cecelia Taylor
Sexy Fuckfest with Lily,Lily Larimar
Aria’s Hot & Horny,Aria Lee
Amber Amps it Up,Amber Moore
Valerica Steals the Show,Valerica Steele
Jazlyn Gets Dicked Down,Jazlyn Ray
Sultry Nympho Sky Pierce,Sky Pierce
Harley’s Horny Ride,Harley King
Valerica’s Pussy Gets Railed,Valerica Steele
Braylin’s Yummy Pussy,Braylin Bailey
Selena and Mia Get Nasty,Selena Love
Selena and Mia Get Nasty,Mia Kay
Sexual Playtime with Vivian,Vivian Taylor
Alina’s Epic Fuck Session,Alina Lopez
Catalina’s Juicy Wet Pussy,Catalina Ossa
Kali’s Pussy Pounding,Kali Roses
Slutty Scarlet Takes a Big Dick,Scarlet Skies
Freya Needs a Good Fuck,Freya Parker
Skylar’s Supreme Fucking Skills,Skylar Vox
Madison’s Hypnotic Booty,Madison Morgan
Get Wet N Wild With Kayley,Kayley Gunner
Laney’s Fuck Session,Laney Grey
Evelyn’s Dick Demands,Evelyn Claire
Insatiable Samantha Reigns,Samantha Reigns
Mia Is Ready To Please,Mia Kay
Selena’s Pussy Prowess,Selena Love
Reyna’s Raunchy Ride,Reyna Delacruz
Going Back To Kali’s Pussy,Kali Roses
Megan Gets Stretched Out,Megan Hughes
Payton Gets a Good Pounding,Payton Preslee
Jessie is a Tempting Treat,Jessie Saint
Aliya is Your Fuckdoll,Aliya Brynn
Mesmerized by Jazmin Luv,Jazmin Luv
Skylar is a Natural Nympho,Skylar Vox
Non-Stop Fucking with Angel And Jamie,Angel Youngs
Non-Stop Fucking with Angel And Jamie,Jamie Jett
Mona Twerks for Cock,Mona Azar
A Big Dick for Alex,Alex Coal
A Wild Time with Jamie,Jamie Jett
Violet Brings the Bounce,Violet Myers
Angel & Sera Pair Up,Sera Ryder
Angel & Sera Pair Up,Angel Youngs
Kiarra’s Cock Cravings,Kiarra Kai
Lilly Gets Dicked Down,Lilly Bell
Mia Always Wants More,Mia Moore
Serena & Natalie’s BFF Fuckfest,Serena Santos
Serena & Natalie’s BFF Fuckfest,Natalie Brooks
Drilling Anna Claire's Pussy,Anna Claire Clouds
Sharing Jizz with Jazmin & Liz,Jazmin Luv
Sharing Jizz with Jazmin & Liz,Liz Jordan
Jamie Gets Dicked Down!,Jamie Jett
Angel Takes A Deep Pounding,Angel Youngs
Something Wild About Lacy,Lacy Lennon
Hooked on Natalie Brooks,Natalie Brooks
Jordan’s Hungry for Cock,Jordan Maxx
Kali’s Serving Up Cake,Kali Roses
Skylar’s Fucking Frenzy,Skylar Vox
Naughty Nymphets Macy & Lily,Lily Larimar
Naughty Nymphets Macy & Lily,Macy Meadows
Slutty Duo with Sera and Kylie,Sera Ryder
Slutty Duo with Sera and Kylie,Kylie Rocket
Sofi Brings the Heat,Sofi Ryan
Neon Nympho Catalina Ossa,Catalina Ossa
Kylie & Lilly Have 2 On 1 Fun,Lilly Bell
Kylie & Lilly Have 2 On 1 Fun,Kylie Rocket
Carmen’s Big Cock Craving,Carmen Caliente
Busty Violet Myers Gets Dicked Down,Violet Myers
Jazmin Luv Gives It Up,Jazmin Luv
Nympho Prowess with Charlotte Sins,Charlotte Sins
Aria Lee Is Back For More,Aria Lee
Sera's Pussy Stretching Session,Sera Ryder
Angel Youngs is a Natural Nympho,Angel Youngs
Eliza Is a World Class Pleaser,Eliza Ibarra
Whitney’s Anal Addiction,Whitney Wright
Deep Anal Pleasures with La Sirena69,La Sirena69
Double Dipping Vicki,Vicki Chase
Leah Gets Her Freak On,Leah Winters
Bella Brings Out the Booty,Bella Jane
Anal Daze with Emily,Emily Willis
Rolling Around with Bella,Bella Rolland
Perfect Penetration with Paige,Paige Owens
Evelyn’s Burning Desire,Evelyn Claire
Kendra Offers Her Holes,Kendra Spade
Valentina Backs It Up,Valentina Jewels
Slutty Tendencies with Indica and Aria,Aria Kai
Slutty Tendencies with Indica and Aria,Indica Flower
Ass On Command,Cassie Del Isla
Dirty Talk with Adira,Adira Allure
Jane's Anal Games,Jane Wilde
The Magic Spot with Dana,Dana DeArmond
The Naughty List with Angela,Angela White
Clapping Cali's Cake,Cali Carter
Big Booty Tricks with Daisy,Daisy Stone
Violet’s Backdoor Audition,Violet Starr
Khloe's Back for Anal,Khloe Kapri
Nia Will Blow You Away,Nia Nacci
Chanel's Ready for Anal,Chanel Grey
Uma Unleashed,Uma Jolie
Anal Creampie for Alexis,Alexis Tae
Stretching Out Brooklyn,Brooklyn Gray
Gabbie's All-Natural Abilities,Gabbie Carter
Lustful Leisures with Lily and Laney,Laney Grey
Lustful Leisures with Lily and Laney,Lily Glee
Slut Party with Natalie and Avery,Avery Cristy
Slut Party with Natalie and Avery,Natalie Porkman
Big Tit Cravings with Skylar,Skylar Vox
Foxy Fuck-Fest with Aidra,Aidra Fox
Valerie's Bootylicious Ride,Valerie Kay
Natalia Takes It Deep,Natalia Queen
Gettin' Down with Dixie,Dixie Lynn
Adira’s First Squirting Scene,Adira Allure
Gianna is a True Nympho,Gianna Dior
Natalie Gets Her Fix,Natalie Porkman
Violet’s Sex Crazed Ways,Violet Starr
Busty Takeover with Ella and Violet,Ella Knox
Busty Takeover with Ella and Violet,Violet Myers
Pure Seduction with Jewelz,Jewelz Blu
Big Booty Madness with Kenzie,Kenzie Madison
Slut Tryout with Aliya,Aliya Brynn
Scandalous Fun with Scarlit,Scarlit Scandal
Hitting the Mark with Melody,Melody Marks
Deep Inside Sloan,Sloan Harper
Raising the Bar with Vanna,Vanna Bardot
Emma and Katya Are Cock Sharing Cuties,Emma Starletto
Emma and Katya Are Cock Sharing Cuties,Katya Rodriguez
Spice It up with Cecilia,Cecilia Lion
Emily Is a Pleasure Slut,Emily Addison
Sexual Chemistry with Scarlett,Scarlett Bloom
Mackenzie Is a Squirt Machine,Mackenzie Moss
Sampling Sadie’s Goods,Sadie Blake
Whitney’s Full Body Workout,Whitney Westgate
Danni Gets Dicked Down,Danni Rivers
Going All Out On Kyler,Kyler Quinn
Body Talk with Cassidy,Cassidy Banks
Skillful Fucking with Athena,Athena Faris
A Hard Pounding for Lily,Lily Love
Lilly Takes Hard Cock,Lilly Lit
Dirty Deeds with Demi,Demi Sutra
Kinky Combo with Kenzie and Brooklyn,Brooklyn Gray
Kinky Combo with Kenzie and Brooklyn,Kenzie Madison
Liv Gets Wild,Liv Wild
Sydney Gets Creampied,Sydney Cole
Taking on Alexis,Alexis Tae
Alex Fires You Up,Alex Coal
Getting Steamy with Victoria,Victoria June
Dippin' in Honey,Honey Gold
Superslut Showdown with Jill and Gianna,Gianna Dior
Superslut Showdown with Jill and Gianna,Jill Kassidy
Natalie's Naughty Audition,Natalie Brooks
Bonding with Savannah,Savannah Bond
The Sky Is the Limit with Vina,Vina Sky
Wet and Wild with Cadence,Cadence Lux
Sexual Playtime with Sofi,Sofi Ryan
Creampie for Rosalyn,Rosalyn Sphinx
Menage a Trois with Alina and Evelyn,Alina Lopez
Menage a Trois with Alina and Evelyn,Evelyn Claire
Getting Lucky with Lacy,Lacy Lennon
Bunny Hops on Cock,Bunny Colby
Sliding Into Kali,Kali Roses
Booty Bouncing with Valentina,Valentina Jewels
Hadley Quenches Your Thirst,Hadley Viscara
Inside Alex’s Heart-Shaped Box,Alex Blake
Fantasy Fuck with Eliza,Eliza Ibarra
Turning up the Heat with Carmen,Carmen Caliente
Making Khloe's Kitty Purr,Khloe Kapri
Aria is on Fire,Aria Lee
Up Close and Personal with Kayla,Kayla Paris
Irresistible Urge with Evelyn,Evelyn Claire
Booty Call With Naomi,Naomi Blue
All About Arietta,Arietta Adams
Evelin Does It Right,Evelin Stone
Hannah's Turn To Play,Hannah Hays
Athena Aims To Please,Athena Palomino
Nia Needs It Bad,Nia Nacci
Ashly Is Put To The Test,Ashly Anderson
Falling Hard For Autumn,Autumn Falls
Amia’s Lubed Up Fuck Fest,Amia Miley
Kenna Craves Cock,Kenna James
Hard Dick Riding With Alina,Alina Lopez
Ivy Is A Nymphomaniac,Ivy Wolfe
Uma Gets Naughty,Uma Jolie
Hot Sex With Anastasia,Anastasia Knight
A Wild Time With Gianna,Gianna Dior
Jill’s Got Skills,Jill Kassidy
Charity Gives Back,Charity Crawford
"Choking on Dick with Katie, Sophia & Nicole",Katie Kush
"Choking on Dick with Katie, Sophia & Nicole",Sophia Burns
"Choking on Dick with Katie, Sophia & Nicole",Nicole Doshi
Mazy & Chanel Love Sucking Dick,Chanel Camryn
Mazy & Chanel Love Sucking Dick,Mazy Myers
Gaby Slurps it Up,Gaby Ortega
Hardcore Cocksucking with Graycee,Graycee Baybee
Bella’s Dick Sucking Dare,Bella Rolland
All Out Suck Fest feat. Rebel and Lydia,Lydia Black
All Out Suck Fest feat. Rebel and Lydia,Rebel Rhyder
Katie & Erin Swallow & Swap,Katie Kush
Katie & Erin Swallow & Swap,Erin Everheart
Fucking Tiana’s Mouth,Tiana Blow
Roxie & Riley Love Sucking Cock,Roxie Sinner
Roxie & Riley Love Sucking Cock,Riley Reign
Game of Throats feat. Tommy and Katrina,Tommy King
Game of Throats feat. Tommy and Katrina,Katrina Colt
Aria & Tiana Test Their Oral Skills,Aria Valencia
Aria & Tiana Test Their Oral Skills,Tiana Blow
Willow & Ari's Wet Blowjob,Ari Alectra
Willow & Ari's Wet Blowjob,Willow Ryder
Throat Fucking Sophia,Sophia Burns
Roxie & Nicole Are Dick Hungry,Nicole Doshi
Roxie & Nicole Are Dick Hungry,Roxie Sinner
Ari's Oral Overload,Ari Alectra
Wet & Sloppy With Willow,Willow Ryder
Loving Harley's Head Game,Harley King
Throats Wide Open With Brooklyn & Lydia,Lydia Black
Throats Wide Open With Brooklyn & Lydia,Brooklyn Gray
Dick Sucking Mayhem With Nicole & Rose,Nicole Aria
Dick Sucking Mayhem With Nicole & Rose,Rose Lynn
Nicky Slurps it Up,Nicky Huntsman
Lola and Graycee Go Wild,Lola Mai
Lola and Graycee Go Wild,Graycee Baybee
Valerica's Oral Addiction,Valerica Steele
Stretching Mackenzie's Mouth,Mackenzie Mace
Suction Satisfaction With Lola,Lola Mai
Katrina's Blowjob Mania,Katrina Colt
Lolly Gives Good Head,Lolly Dames
Roxie's Wet & Wild BJ,Roxie Sinner
Brenna’s Mighty BJ Skills,Brenna McKenna
Something to Suck On for Katrina & Summer,Katrina Colt
Something to Suck On for Katrina & Summer,Summer Vixen
Sucking Satisfaction With Jasmine,Jasmine Wilde
Katrina & Lola's Sloppy Cocksucking Special,Katrina Colt
Katrina & Lola's Sloppy Cocksucking Special,Lola Mai
Such a Sucker for Mona,Mona Azar
Anna Wants Her Throat Fucked,Anna Chambers
Deepthroat Desires with Violet & Izzy,Violet Starr
Deepthroat Desires with Violet & Izzy,Izzy Lush
Bailey Gives Good Head,Bailey Base
Zerella is a Cocksucker Supreme,Zerella Skies
Sloppy BJ Social with Bunny,Bunny Madison
Whitney's Throat Workout,Whitney Wright
Zerella Goes The Distance,Zerella Skies
Lana & Misty’s Oral Showdown,Lana Analise
Lana & Misty’s Oral Showdown,Misty Meaner
Summer Slurps it Up,Summer Vixen
Zerella and Harley Show Off their Skills,Harley King
Zerella and Harley Show Off their Skills,Zerella Skies
Zerella and Harley Show Off their Skills,Aliya Brynn
Roxie Gets Dripping Wet,Roxie Sinner
Making Hazel Drool,Hazel Moore
Superb Slurping With Lily & Harley,Lily Lou
Superb Slurping With Lily & Harley,Harley King
Kira Sucks a Mean Dick,Kira Perez
Aliya Trains Heather’s Mouth,Heather Honey
Aliya Trains Heather’s Mouth,Aliya Brynn
Adira’s Wet Cumback,Adira Allure
Training Harley’s Throat,Aliya Brynn
Training Harley’s Throat,Harley King
Samantha and Lolly Aim to Please,Lolly Dames
Samantha and Lolly Aim to Please,Samantha Reigns
Sloppy Toppy Sweetheart Nia,Nia Nacci
Brenna & Valerica’s Very Wet Blowjob,Valerica Steele
Brenna & Valerica’s Very Wet Blowjob,Brenna McKenna
Lily’s Hardcore Head Game,Lily Lou
Messy BJ Session With XxLayna & Harley,Harley King
Messy BJ Session With XxLayna & Harley,Xxlayna Marie
Roxie & Naudi’s BJ Boot Camp,Roxie Sinner
Roxie & Naudi’s BJ Boot Camp,Naudi Nala
Brooklyn Tests XxLayna’s Skills,Xxlayna Marie
Brooklyn Tests XxLayna’s Skills,Brooklyn Gray
Valentina Gets Face Fucked,Valentina Jewels
Nicole & Indica Are Cum Guzzlers,Nicole Aria
Nicole & Indica Are Cum Guzzlers,Indica Monroe
Mona Shows Off,Mona Azar
Let Lana Suck You Up,Lana Analise
"Deep Inside Misty, Lana & Avery’s Thirsty Throats",Lana Analise
"Deep Inside Misty, Lana & Avery’s Thirsty Throats",Avery Jane
"Deep Inside Misty, Lana & Avery’s Thirsty Throats",Misty Meaner
Sloppy Slurping With Violet & Gia,Violet Starr
Sloppy Slurping With Violet & Gia,Gia Derza
Filling Erin & Bella’s Throats,Erin Everheart
Filling Erin & Bella’s Throats,Bella Rolland
Kenzie’s Showcase of Sluttiness,Kenzie Anne
Rose and Naudi are Cock Gobblers,Rose Lynn
Rose and Naudi are Cock Gobblers,Naudi Nala
BADKITTYYY’s Bombastic Blowjob,BADKITTYYY
Penelope and Rory’s Dick Sucking Drills,Penelope Woods
Penelope and Rory’s Dick Sucking Drills,Rory Knox
Penelope and Rory’s Dick Sucking Drills,Aliya Brynn
Arietta and Kay’s Sloppy Oral Date,Kay Lovely
Arietta and Kay’s Sloppy Oral Date,Arietta Adams
Blowjob Dreams With Erin,Erin Everheart
Brenna and Vanessa Go to Work!,Vanessa Vega
Brenna and Vanessa Go to Work!,Brenna McKenna
Tommy Wants Her Throat Fucked,Tommy King
Harley & Xxlayna Get Sloppy Together,Xxlayna Marie
Harley & Xxlayna Get Sloppy Together,Harley King
"Face Fucking Fun with Honey, Aliya & Nadia",Aliya Brynn
"Face Fucking Fun with Honey, Aliya & Nadia",Nadia Noja
"Face Fucking Fun with Honey, Aliya & Nadia",Honey Hayes
Testing Tommy’s BJ Skills,Tommy King
Fucking Nicole’s Throat,Nicole Sage
Jazlyn Slurps it Up,Jazlyn Ray
Morgan Will Make You Cum,Morgan Lee
"Sera, Zerella & Harley Are 3 The Hard Way",Sera Ryder
"Sera, Zerella & Harley Are 3 The Hard Way",Zerella Skies
"Sera, Zerella & Harley Are 3 The Hard Way",Harley King
Sloppy Toppy with Penelope & Aliya,Penelope Woods
Sloppy Toppy with Penelope & Aliya,Aliya Brynn
Face Fucking Valerica,Valerica Steele
Scarlett and Gia Team Up,Gia DiBella
Scarlett and Gia Team Up,Scarlett Hampton
Indica Sucks it Dry,Indica Monroe
Stretching Nella’s Throat,Nella Jones
Maya & Indica Give Oral Satisfaction,Indica Monroe
Maya & Indica Give Oral Satisfaction,Maya Farrell
Liz Lets Loose,Liz Jordan
Oral Expertise with Misty and Abbie,Misty Meaner
Oral Expertise with Misty and Abbie,Abbie Maley
Balls Deep Down Selena’s Throat,Selena Love
Face fucking Party with Rebecca and Nicole,Rebecca Vanguard
Face fucking Party with Rebecca and Nicole,Nicole Sage
Brooklyn & Lydia Gag Over Cock,Lydia Black
Brooklyn & Lydia Gag Over Cock,Brooklyn Gray
Wet & Sloppy With Kali,Kali Roses
Dick Sucking Madness With Liz & Selena,Selena Love
Dick Sucking Madness With Liz & Selena,Liz Jordan
Penelope  & Rory Are Slurping Up Cock,Penelope Woods
Penelope  & Rory Are Slurping Up Cock,Rory Knox
Suck N’ Slurp Fest with Isabel and Catalina,Catalina Ossa
Suck N’ Slurp Fest with Isabel and Catalina,Isabel Moon
Selena & Rebel Suck It Raw,Rebel Rhyder
Selena & Rebel Suck It Raw,Selena Love
"Deepthroat Dream Team with Jamie, Brooklyn & Rebel",Brooklyn Gray
"Deepthroat Dream Team with Jamie, Brooklyn & Rebel",Jamie Jett
"Deepthroat Dream Team with Jamie, Brooklyn & Rebel",Rebel Rhyder
"Top Tier Sucking with Emma, Paige & April",Emma Hix
"Top Tier Sucking with Emma, Paige & April",Paige Owens
"Top Tier Sucking with Emma, Paige & April",April Olsen
Bailey’s Sloppy Head Session,Bailey Base
Aliya’s Stellar BJ,Aliya Brynn
Fucking Mia’s Mouth,Mia Kay
Angela & Violet Gag On a Big One,Angela White
Angela & Violet Gag On a Big One,Violet Myers
Coco & Aria Are Cock Swapping Sluts,Aria Banks
Coco & Aria Are Cock Swapping Sluts,Coco Lovelock
Spit & Shine With Haley,Haley Reed
Angel’s Deepthroat Challenge,Angel Youngs
Bella’s Banging Throat Job,Bella Rolland
Carmela Drains the Dick,Carmela Clutch
"Insane Triple BJ With Mila, Lydia & Kaiia",Lydia Black
"Insane Triple BJ With Mila, Lydia & Kaiia",Kaiia Eve
"Insane Triple BJ With Mila, Lydia & Kaiia",Mila Taylor
Angel & Sera Certified Dick Suckers,Sera Ryder
Angel & Sera Certified Dick Suckers,Angel Youngs
Super Suck-Fest with Brooklyn & Jamie,Jamie Jett
Super Suck-Fest with Brooklyn & Jamie,Brooklyn Gray
Throat Fucking Fun with Nikole and Aliya,Nikole Nash
Throat Fucking Fun with Nikole and Aliya,Aliya Brynn
Wet Date with Gianna,Gianna Dior
Gia & Violet Go Crazy for Cock,Violet Starr
Gia & Violet Go Crazy for Cock,Gia Derza
Sera & Kylie’s Sloppy Match Up,Kylie Rocket
Sera & Kylie’s Sloppy Match Up,Sera Ryder
Angel's All Out Suckfest,Angel Youngs
Jamie’s World Class Head Game,Jamie Jett
Stretching Jessie’s Mouth,Jessie Saint
A Sloppy Session for Angelica & Lenna,Lenna Lux
A Sloppy Session for Angelica & Lenna,Angelica Cruz
"Supreme Dicksucking with Kaitlyn, Natalie and Lexi",Kaitlyn Katsaros
"Supreme Dicksucking with Kaitlyn, Natalie and Lexi",Lexi Grey
"Supreme Dicksucking with Kaitlyn, Natalie and Lexi",Natalie Brooks
Natalie’s Depraved Dicksucking,Natalie Brooks
Aria’s All About Oral,Aria Lee
Whip Cream Dream With Skylar,Skylar Vox
Balls Deep Down Nina’s Throat,Nina Pink
Holly’s Deepthroat Workout,Holly Hendrix
Jamie and Angel Gobble Up That Dick,Angel Youngs
Jamie and Angel Gobble Up That Dick,Jamie Jett
Three The Hard Way,Lenna Lux
Three The Hard Way,Angelica Cruz
Three The Hard Way,Jeyla Spice
Khloe & Brooklyn Are Cocksucking Queens,Khloe Kapri
Khloe & Brooklyn Are Cocksucking Queens,Brooklyn Gray
"Swapping & Sucking Cock With Aliya, Allie & Spencer",Allie Addison
"Swapping & Sucking Cock With Aliya, Allie & Spencer",Aliya Brynn
"Swapping & Sucking Cock With Aliya, Allie & Spencer",Spencer Bradley
Kali Wants that Nut!,Kali Roses
Sarah’s Heavenly Head Game,Sarah Vandella
Deepthroating Divas Do it Well,Serena Santos
Deepthroating Divas Do it Well,Natalie Brooks
Cock Gagging Natalia,Natalia Queen
Emma Gets Her Throat Fucked,Emma Starletto
"Rebel and Lana, Part 2",Lana Analise
"Rebel and Lana, Part 2",Rebel Rhyder
Sera’s Impressive Skills,Sera Ryder
Gagging on Cock with Leah and Charlotte,Leah Winters
Gagging on Cock with Leah and Charlotte,Charlotte Sins
Jennifer’s Cock Craving,Jennifer White
"Feeding Frenzy with Mackenzie, Maddy and Selina",Maddy May
"Feeding Frenzy with Mackenzie, Maddy and Selina",Mackenzie Mace
"Feeding Frenzy with Mackenzie, Maddy and Selina",Selina Bentz
World Class Blowjob with Lana Anal,Lana Analise
Hardcore Dicksucking feat. Kylie Rocket,Kylie Rocket
Double BJ Magic with Melody and Nikki,Melody Foxx
Double BJ Magic with Melody and Nikki,Nikki Sweet
Heavenly Head from Dixie Lynn,Dixie Lynn
Rebel's Oral Fix,Rebel Rhyder
BADKITTYYY and Lana are Soul Suckers,BADKITTYYY
BADKITTYYY and Lana are Soul Suckers,Lana Analise
Nikole and Sera Suck It Dry,Nikole Nash
Nikole and Sera Suck It Dry,Sera Ryder
Sloppy Suckfest with Rebel and Lana,Rebel Rhyder
Sloppy Suckfest with Rebel and Lana,Lana Analise
Vicki Makes a Mess,Vicki Chase
Natalie’s Spit Filled BJ,Natalie Porkman
Cocksucking Match Up with Lexi & Rebel,Lexi Grey
Cocksucking Match Up with Lexi & Rebel,Rebel Rhyder
Valentina’s Oral Playtime,Valentina Nappi
Mouth Masterpiece with Riley,Riley Steele
Sloppy Showcase with Val and Lilly,Lilly Bell
Sloppy Showcase with Val and Lilly,Valerica Steele
Slime Time with Nikole,Nikole Nash
Eliza Is a Juice Maker,Eliza Ibarra
Morgan Leaves You Satisfied,Morgan Lee
Krystal and Nova Are Ready to Blow,Krystal Kash
Krystal and Nova Are Ready to Blow,Nova Cane
Violet Brings the Sauce,Violet Myers
"Sharing is Caring with Charlotte, Kamryn, and Ashley",Ashley Red
"Sharing is Caring with Charlotte, Kamryn, and Ashley",Charlotte Sins
"Sharing is Caring with Charlotte, Kamryn, and Ashley",Kamryn Jayde
Loose Lips with Lily and Laney,Laney Grey
Loose Lips with Lily and Laney,Lily Glee
Scarlit and Gia Share a Dick,Gia Derza
Scarlit and Gia Share a Dick,Scarlit Scandal
The Good Spit,Karla Kush
Audrey's Throat Workout,Audrey Hempburne
Ana Stuffs Her Face,Ana Foxxx
Angela's Amazing Skills,Angela White
Dixie's Down on Her Knees,Dixie Lynn
"Sloppy Teamwork with Kiarra, Emma, and Avi",Avi Love
"Sloppy Teamwork with Kiarra, Emma, and Avi",Emma Hix
"Sloppy Teamwork with Kiarra, Emma, and Avi",Kiarra Kai
Adira Has Super Spit Powers,Adira Allure
Leah and Natalie Make a Splash,Leah Lee
Leah and Natalie Make a Splash,Natalie Porkman
Izzy and Emma Let the Drool Flow,Emma Starletto
Izzy and Emma Let the Drool Flow,Izzy Lush
Julie's Oral Appointment,Julie Kay
Leda and Jewelz Get Their Mouths Stuffed,Jewelz Blu
Leda and Jewelz Get Their Mouths Stuffed,Leda Bear
Gia and Bella Are Hungry for Dick,Bella Jane
Gia and Bella Are Hungry for Dick,Gia Derza
Bella and Adira Quench Their Thirst,Adira Allure
Bella and Adira Quench Their Thirst,Bella Rolland
Gabbie's Gag Session,Gabbie Carter
Raining Spit with Zoe,Zoe Bloom
Oral Antics with Tori and Joseline,Joseline Kelly
Oral Antics with Tori and Joseline,Tori Montana
A+ Head Game with Avery and Athena,Athena May
A+ Head Game with Avery and Athena,Avery Cristy
Allie and Iris Are Cocksucking Recruits,Allie Addison
Allie and Iris Are Cocksucking Recruits,Iris Ivy
Oral Artistry with Savannah,Savannah Bond
Brooklyn's Favorite Pastime,Brooklyn Gray
Dixie’s Spit-Drenched Display,Dixie Lynn
Harmony's Wonderful Mouth,Harmony Wonder
Adriana and Valentina’s Luscious Lip Lesson,Adriana Maya
Adriana and Valentina’s Luscious Lip Lesson,Valentina Jewels
Good Vibes with Aidra,Aidra Fox
Alexis Puts Her Throat to the Test,Alexis Tae
Tonsils Deep with Megan and Bella,Bella Jane
Tonsils Deep with Megan and Bella,Megan Marx
A Job Well Done with Brooklyn and Mackenzie,Brooklyn Gray
A Job Well Done with Brooklyn and Mackenzie,Mackenzie Moss
Double Deepthroat Action with Aliya and Natalie,Aliya Brynn
Double Deepthroat Action with Aliya and Natalie,Natalie Porkman
Snack Time for Bella and Ashley,Ashley Lane
Snack Time for Bella and Ashley,Bella Rolland
Tongue Tied with Emma and Aria,Aria Lee
Tongue Tied with Emma and Aria,Emma Starletto
Head Games with Kiara and Katie,Katie Kush
Head Games with Kiara and Katie,Kiara Cole
Violet Gets Her Way,Violet Starr
Double Down with Cecilia and Scarlit,Cecilia Lion
Double Down with Cecilia and Scarlit,Scarlit Scandal
Wedding Day BJ with Gianna,Gianna Dior
Anastasia and Kendra Get Messy,Anastasia Rose
Anastasia and Kendra Get Messy,Kendra Heart
Filling Kyler's Mouth,Kyler Quinn
Whipped Cream Scheme with Alina and Evelyn,Alina Lopez
Whipped Cream Scheme with Alina and Evelyn,Evelyn Claire
Hard Facefuck for Arietta,Arietta Adams
Triple D Dream Team with Violet and Ella,Ella Knox
Triple D Dream Team with Violet and Ella,Violet Myers
Throat Massage with Kali,Kali Roses
The Sloppier the Better with Abigail and Sloan,Abigail Peach
The Sloppier the Better with Abigail and Sloan,Sloan Harper
"Sloppy Tsunami with Gianna, Katya and Eva",Eva Yi
"Sloppy Tsunami with Gianna, Katya and Eva",Gianna Gem
"Sloppy Tsunami with Gianna, Katya and Eva",Katya Rodriguez
Spitshine Service with Scarlett and Leah,Leah Winters
Spitshine Service with Scarlett and Leah,Scarlett Mae
Romi Reigns over Cock,Romi Rain
"Oral Brigade with Katie, Chanel, and Vanna",Chanel Shortcake
"Oral Brigade with Katie, Chanel, and Vanna",Katie Kush
"Oral Brigade with Katie, Chanel, and Vanna",Vanna Bardot
More Than a Mouthful for Khloe,Khloe Kapri
Maya and Aaliyah Are Throat Masters,Aaliyah Hadid
Maya and Aaliyah Are Throat Masters,Maya Bijou
Drool Factory with Jill,Jill Kassidy
Cock Worship with Paige,Paige Owens
Spit and Slobber with Holly,Holly Hendrix
A BJ to Remember with Honey,Honey Gold
Jasmine and London Are Messy Mistresses,Jasmine Jae
Jasmine and London Are Messy Mistresses,London River
Kyler and Naomi Are Cock Sucking Sweethearts,Kyler Quinn
Kyler and Naomi Are Cock Sucking Sweethearts,Naomi Swann
Jillian's Amazing Performance,Jillian Janson
1 on 1 with Luna,Luna Star
Double Trouble with Evelyn and Arietta,Arietta Adams
Double Trouble with Evelyn and Arietta,Evelyn Claire
Master Level BJ with Sarah,Sarah Vandella
"Three Hungry Mouths with Alex, Mackenzie, and Ava",Alex Blake
"Three Hungry Mouths with Alex, Mackenzie, and Ava",Ava Parker
"Three Hungry Mouths with Alex, Mackenzie, and Ava",Mackenzie Moss
Vina’s Throat Challenge,Vina Sky
"Three Times the Fun with Alexis, Chanel, and Izzy",Alexis Tae
"Three Times the Fun with Alexis, Chanel, and Izzy",Chanel Grey
"Three Times the Fun with Alexis, Chanel, and Izzy",Izzy Lush
"Triple Suck Off with Lena, Sofi, and Katrina",Katrina Jade
"Triple Suck Off with Lena, Sofi, and Katrina",Sofi Ryan
"Triple Suck Off with Lena, Sofi, and Katrina",Lena Paul
Lily Lends Her Talents,Lily Adams
"Triple Threat with Elle, Ember, and Jade",Jade Kush
"Triple Threat with Elle, Ember, and Jade",Ember Snow
"Triple Threat with Elle, Ember, and Jade",Elle Voneva
Noemie Needs It Again,Noemie Bilas
Pigtail Facefuck with Michele and Eliza,Eliza Ibarra
Pigtail Facefuck with Michele and Eliza,Michele James
Back in Brooklyn's Throat,Brooklyn Gray
The Adriana Chechik Experience,Adriana Chechik
Skyler and Jenna Put on a Show,Skyler Nicole
Skyler and Jenna Put on a Show,Jenna Foxx
Rosalyn Is at It Again,Rosalyn Sphinx
"Serena, Kenzie, and Brooklyn are Sucking Dick with Friends",Serena Avery
"Serena, Kenzie, and Brooklyn are Sucking Dick with Friends",Brooklyn Gray
"Serena, Kenzie, and Brooklyn are Sucking Dick with Friends",Kenzie Madison
Arietta and Melody Test Their Throats,Arietta Adams
Arietta and Melody Test Their Throats,Melody Marks
Aaliyah is Hungry for More,Aaliyah Hadid
Kali Rose to the Challenge,Kali Roses
Valentina’s Flawless Technique,Valentina Jewels
Aria Gets a Mouthful,Aria Lee
Oral Entertainment with Penelope and Gia,Penelope Reed
Oral Entertainment with Penelope and Gia,Gia Paige
Naomi Blew Us Away,Naomi Blue
Eliza Goes All Out,Eliza Ibarra
Let the Oral Games Begin,Adriana Chechik
Let the Oral Games Begin,Kayla Paris
Vina's Drool-Filled Throat Fuck,Vina Sky
Audrey and Fallon Let Loose,Audrey Holiday
Audrey and Fallon Let Loose,Fallon West
Bomb Head with Evelyn,Evelyn Claire
Feeding Time for Adria,Adria Rae
Arietta And Naomi Work It Together,Arietta Adams
Arietta And Naomi Work It Together,Naomi Blue
Scarlett And Alex Choke On Cock,Alex Blake
Scarlett And Alex Choke On Cock,Scarlett Bloom
Lip Service With Kayla,Kayla Paris
Oral Stimulation With Lenna And Allie,Lenna Lux
Oral Stimulation With Lenna And Allie,Allie Nicole
Layla Chugs It Down,Layla Price
Throat Clinic With Julie,Julie Kay
Natalie Gets Nasty,Natalie Brooks
Blair Makes It Disappear,Blair Williams
Arietta’s Eager To Please,Arietta Adams
Sailor And Maya Get Their Mouths Filled,Sailor Luna
Sailor And Maya Get Their Mouths Filled,Maya Kendrick
Head Game On Point With Nia,Nia Nacci
Gia And Kendra Are Nasty Throat Sluts,Kendra Spade
Gia And Kendra Are Nasty Throat Sluts,Gia Derza
Emily And Paige Are Dick Thirsty Divas,Emily Willis
Emily And Paige Are Dick Thirsty Divas,Paige Owens
Tag Team Dream With Kissa And Adriana,Adriana Chechik
Tag Team Dream With Kissa And Adriana,Kissa Sins
Twice The Fun With Charity And Gianna,Gianna Dior
Twice The Fun With Charity And Gianna,Charity Crawford
Demi And September Are Dick Sucking Bosses,Demi Sutra
Demi And September Are Dick Sucking Bosses,September Reign
Busty Babe Bj With August And Karma,Karma Rx
Busty Babe Bj With August And Karma,August Taylor
Khloe Is A Blowjob Princess,Khloe Kapri
Valentina Is Back For More,Valentina Jewels
Spit Shine Service With Britney And Aria,Britney Light
Spit Shine Service With Britney And Aria,Aria Lee
Mouth Magic With Chanell,Chanell Heart
Slobber Fest With Gia,Gia Derza
Athena Goes Crazy For Cock,Athena Palomino
Double Duty Bj With Kenzie And Britney,Kenzie Taylor
Double Duty Bj With Kenzie And Britney,Britney Amber
"Hard Gagging With Ember, Amilia, And Amethyst",Ember Stone
"Hard Gagging With Ember, Amilia, And Amethyst",Amethyst Banks
"Hard Gagging With Ember, Amilia, And Amethyst",Amilia Onyx
A Pair Of Hungry Cocksuckers With Jenna And Taylor,Jenna J Ross
A Pair Of Hungry Cocksuckers With Jenna And Taylor,Taylor Pierce
Joseline Gets Sloppy,Joseline Kelly
Epic Suck Off With Nia And Ashley,Ashley Aleigh
Epic Suck Off With Nia And Ashley,Nia Nacci
Oral Encore With Rosalyn And Zoe,Rosalyn Sphinx
Oral Encore With Rosalyn And Zoe,Zoe Bloom
"Melody, Natalie And Sofia Put Their Mouths To Work",Melody Parker
"Melody, Natalie And Sofia Put Their Mouths To Work",Natalie Brooks
"Melody, Natalie And Sofia Put Their Mouths To Work",Sofia Moon
Oral Appreciation With Giselle,Giselle Palmer
Kira And Julie Suck Dick Together,Julie Kay
Kira And Julie Suck Dick Together,Kira Noir
Throat Therapy With Athena And Keira,Keira Croft
Throat Therapy With Athena And Keira,Athena Rayne
Solo Suck Session With Ana,Ana Foxxx
Gianna Gives Sloppy Head,Gianna Dior
Ivy Gets Facefucked,Ivy Wolfe
Quality Throat Job With Penelope,Penelope Reed
Nonstop Oral Action With Esperanza And India,Esperanza Del Horno
Nonstop Oral Action With Esperanza And India,India Summer
Five Star Service With Eden And Zelda,Eden Sin
Five Star Service With Eden And Zelda,Zelda Morrison
Tit Fucking And Cock Sucking With Romi,Romi Rain
Emily And Bobbi Get Sloppy Together,Bobbi Dylan
Emily And Bobbi Get Sloppy Together,Emily Blacc
Big Booty Blowjob With Valentina And Julz,Julz Gotti
Big Booty Blowjob With Valentina And Julz,Valentina Jewels
Oral Fixation With Noemie And Daizy,Daizy Cooper
Oral Fixation With Noemie And Daizy,Noemie Bilas
Riley Unleashed,Riley Reid
Kissa Loves Sucking Dick,Kissa Sins
Throat Service With Carolina,Carolina Sweets
Bombshell Blowjob With Mercedes And Nina,Mercedes Carrera
Bombshell Blowjob With Mercedes And Nina,Nina Elle
Anastasia's Slurp Session,Anastasia Knight
Olive And Audrey’s Oral Exam,Audrey Royal
Olive And Audrey’s Oral Exam,Olive Glass
Spit And Slobber With Zelda,Zelda Morrison
Lilly Guzzles Cock Down,Lilly Hall
"Blowjob Audition With Zoe, Pamela, And Rosalyn",Zoe Bloom
"Blowjob Audition With Zoe, Pamela, And Rosalyn",Rosalyn Sphinx
"Blowjob Audition With Zoe, Pamela, And Rosalyn",Pamela Morrison
Mouth Watering Action With Kendra,Kendra Spade
Dana And Chanel Swallow It All,Chanel Preston
Dana And Chanel Swallow It All,Dana DeArmond
"Triple Suck Fest With Eliza, Pepper, And Gia",Eliza Ibarra
"Triple Suck Fest With Eliza, Pepper, And Gia",Gia Love
"Triple Suck Fest With Eliza, Pepper, And Gia",Pepper Hart
Luna Uses Her Throat,Luna Star
Luna’s Oral Challenge,Luna Lovely
Double Throat Fuck With Amara And Holly,Amara Romani
Double Throat Fuck With Amara And Holly,Holly Hendrix
Candice Craves A Huge Load,Candice Dare
One On One With Abigail,Abigail Mac
Mi Ha And Marilyn Share A Dick,Marilyn Mansion
Mi Ha And Marilyn Share A Dick,Mi Ha Doan
Gina Loves Coming Back For Cock,Gina Valentina
Sexy Teamwork With Ivy And Sadie,Sadie Blake
Sexy Teamwork With Ivy And Sadie,Ivy Wolfe
A Sloppy Duo With Gina And Jynx,Gina Valentina
A Sloppy Duo With Gina And Jynx,Jynx Maze
"Three Mouths To Feed With Crystal, Christy And Nadia",Christy Love
"Three Mouths To Feed With Crystal, Christy And Nadia",Crystal Rush
"Three Mouths To Feed With Crystal, Christy And Nadia",Nadia White
"Oral Overload With Kimberly, Ziggy, And Liv",Kimberly Chi
"Oral Overload With Kimberly, Ziggy, And Liv",Liv Revamped
"Oral Overload With Kimberly, Ziggy, And Liv",Ziggy Star
"A Trio of Pleasure with Vanessa, Penelope, and Lilly",Lilly Hall
"A Trio of Pleasure with Vanessa, Penelope, and Lilly",Penelope Reed
"A Trio of Pleasure with Vanessa, Penelope, and Lilly",Vanessa Sky
Cock Worship With Monica And Hime,Monica Sage
Cock Worship With Monica And Hime,Hime Marie
Ariana Gets Dirty,Ariana Marie
Bff Blowjob With Maya And Lily,Lily Adams
Bff Blowjob With Maya And Lily,Maya Bijou
"Three On One With Cadence, Quinn, And Sadie",Cadence Lux
"Three On One With Cadence, Quinn, And Sadie",Quinn Wilde
"Three On One With Cadence, Quinn, And Sadie",Sadie Blake
Putting Tiffany To The Test,Tiffany Watson
Eden’s Deepthroat Lesson,Eden Sin
Full Oral Service With Bobbi,Bobbi Dylan
Amara’s Throat Audition,Amara Romani
A Good Time With Chloe,Chloe Cherry
Adria And Marley Team Up,Adria Rae
Adria And Marley Team Up,Marley Brinx
Naughty Fun With Marley,Marley Brinx
Aaliyah’s Soul-sucking Bj,Aaliyah Hadid
Kendra & Maria Get Down,Kendra Spade
Kendra & Maria Get Down,Maria Jade
Jill’s Oral Expertise,Jill Kassidy
Alina’s Special Skills,Alina Lopez
Violet Starr Steals The Show,Violet Starr
Carolina & Khloe’s Double Bj Dream,Carolina Sweets
Carolina & Khloe’s Double Bj Dream,Khloe Kapri
Jaclyn And Christie Are Ready For Action,Christie Stevens
Jaclyn And Christie Are Ready For Action,Jaclyn Taylor
Jessica Rex Knows How To Please,Jessica Rex
Karlee Puts Her Tonsils To Work,Karlee Grey
Bella & Veronica Suck It Dry,Bella Jane
Bella & Veronica Suck It Dry,Veronica Valentine
Gag Fest Featuring Kira & Kendra,Kendra Spade
Gag Fest Featuring Kira & Kendra,Kira Noir
Wet Throat Workout With Anya And Khloe,Anya Olsen
Wet Throat Workout With Anya And Khloe,Khloe Kapri
Oral Magic With Jynx Maze,Jynx Maze
Tongue Twisters With Jade And Jessica,Jade Luv
Tongue Twisters With Jade And Jessica,Jessica Rex
All Out Oral With Jessa Rhodes,Jessa Rhodes
Latina Lovin’ With Vanessa And Victoria,Vanessa Sky
Latina Lovin’ With Vanessa And Victoria,Victoria June
Summer And Blair's Eye-watering Showdown,Summer Day
Summer And Blair's Eye-watering Showdown,Blair Williams
Spit Slurpees With Bobbi And Lilly,Bobbi Dylan
Spit Slurpees With Bobbi And Lilly,Lilly Hall
Giselle's Luscious Lip Lesson,Giselle Palmer
"Blowjob Besties With Aaliyah, Adriana, Julie",Aaliyah Hadid
"Blowjob Besties With Aaliyah, Adriana, Julie",Adriana Maya
"Blowjob Besties With Aaliyah, Adriana, Julie",Julie Kay
Sarah's Slurp Session,Sarah Banks
Sarah And Adriana Are Deepthroat Queens,Adriana Chechik
Sarah And Adriana Are Deepthroat Queens,Sarah Vandella
Messy Mistresses With Eden And Lydia,Eden Sin
Messy Mistresses With Eden And Lydia,Lydia Black
Bff Baddies With Jessica Jones And Emily Blacc,Emily Blacc
Bff Baddies With Jessica Jones And Emily Blacc,Jessica Jones
Dirty Darlings Adriana Chechik And Kalina Ryu,Adriana Chechik
Dirty Darlings Adriana Chechik And Kalina Ryu,Kalina Ryu
Naughty Nymphos With Holly Hendrix And Kenzie Reeves,Holly Hendrix
Naughty Nymphos With Holly Hendrix And Kenzie Reeves,Kenzie Reeves
Pussy Cat Playground With Arya Fae,Arya Fae
Korean Kink With Saya Song,Saya Song
Evelin And Penelope In Ball-sucking Brunettes,Penelope Reed
Evelin And Penelope In Ball-sucking Brunettes,Evelin Stone
"Superslut Sensation With Joseline, Lily & Maya",Joseline Kelly
"Superslut Sensation With Joseline, Lily & Maya",Lily Adams
"Superslut Sensation With Joseline, Lily & Maya",Maya Bijou
All-natural Abilities With Katrina And Sofi,Katrina Jade
All-natural Abilities With Katrina And Sofi,Sofi Ryan
Deep-throat Delivery With Gina Valentina,Gina Valentina
Kimber And Layla Rock The Cock,Kimber Woods
Kimber And Layla Rock The Cock,Layla Price
"Oral Magic With Khloe, Carmen And Jaye",Khloe Kapri
"Oral Magic With Khloe, Carmen And Jaye",Carmen Caliente
"Oral Magic With Khloe, Carmen And Jaye",Jaye Summers
Double-dipping With Abella And Luna,Abella Danger
Double-dipping With Abella And Luna,Luna Star
"Triple-duty With Jennifer, Rachele And Zoey",Jennifer White
"Triple-duty With Jennifer, Rachele And Zoey",Rachele Richey
"Triple-duty With Jennifer, Rachele And Zoey",Zoey Monroe
"Eden, Andi & Zoe Put On A Slobber Clinic",Andi Rye
"Eden, Andi & Zoe Put On A Slobber Clinic",Eden Sin
"Eden, Andi & Zoe Put On A Slobber Clinic",Zoe Parker
Jillian And Jill Let The Drool Spill,Jill Kassidy
Jillian And Jill Let The Drool Spill,Jillian Janson
"International Suckfest W/ Riley, Jennifer And Jade",Jade Luv
"International Suckfest W/ Riley, Jennifer And Jade",Jennifer Jacobs
"International Suckfest W/ Riley, Jennifer And Jade",Riley Nixon
Violet And Giselle Unleashed!,Giselle Palmer
Violet And Giselle Unleashed!,Violet Starr
Kenzie And Lilly Join Forces,Kenzie Reeves
Kenzie And Lilly Join Forces,Lilly Lit
Anya Is A Slobber Slut,Anya Olsen
Romi And Chanel's Gagfest Galore,Chanel Preston
Romi And Chanel's Gagfest Galore,Romi Rain
Adriana Swims In Rivers Of Spit,Adriana Chechik
"Rebel, Carolina And Maya Test Their Skills",Carolina Sweets
"Rebel, Carolina And Maya Test Their Skills",Maya Bijou
"Rebel, Carolina And Maya Test Their Skills",Rebel Lynn
Quinn And Kristen Devour A Hard Cock,Kristen Scott
Quinn And Kristen Devour A Hard Cock,Quinn Wilde
Alex Shows Off Her Slobber Skills,Alex More
"Joseline, Alex & Jojo Are Tag Team Sensation",Alex More
"Joseline, Alex & Jojo Are Tag Team Sensation",Jojo Kiss
"Joseline, Alex & Jojo Are Tag Team Sensation",Joseline Kelly
"Sarah Vandella, Back With A Vengeance",Sarah Vandella
Jynx And Luna Spice Things Up,Jynx Maze
Jynx And Luna Spice Things Up,Luna Star
"Aj, Keisha And Violet Get After It",AJ Applegate
"Aj, Keisha And Violet Get After It",Keisha Grey
"Aj, Keisha And Violet Get After It",Violet Starr
Abella And Karlee Are Thirsty Little Throat Sluts,Abella Danger
Abella And Karlee Are Thirsty Little Throat Sluts,Karlee Grey
Together Haley And Jillian Make Spit Happen,Haley Reed
Together Haley And Jillian Make Spit Happen,Jillian Janson
"Anna Bell, Kleio And Harlow This Tatted Trio Gets Sloppy",Anna Bell Peaks
"Anna Bell, Kleio And Harlow This Tatted Trio Gets Sloppy",Harlow Harrison
"Anna Bell, Kleio And Harlow This Tatted Trio Gets Sloppy",Kleio Valentien
Aaliyah And Honey Go A Little Crazy On A Dick,Aaliyah Hadid
Aaliyah And Honey Go A Little Crazy On A Dick,Honey Gold
"Arya, Gina, And Sydney Take It To The Limit",Arya Fae
"Arya, Gina, And Sydney Take It To The Limit",Gina Valentina
"Arya, Gina, And Sydney Take It To The Limit",Sydney Cole
"Lily, Rylee And Arielle In Teamwork Makes The Dreamwork",Lily Adams
"Lily, Rylee And Arielle In Teamwork Makes The Dreamwork",Rylee Renee
"Lily, Rylee And Arielle In Teamwork Makes The Dreamwork",Arielle Faye
"Chloe, Niki And Honey Take Turns Choking On Cock",Chloe Cherry
"Chloe, Niki And Honey Take Turns Choking On Cock",Niki Snow
"Chloe, Niki And Honey Take Turns Choking On Cock",Honey Gold
Chanell And Ana Are Letting The Drool Flow,Ana Foxxx
Chanell And Ana Are Letting The Drool Flow,Chanell Heart
Adriana And Sarah Go Zero To One Hundred,Adriana Chechik
Adriana And Sarah Go Zero To One Hundred,Sarah Vandella
Karlee And Angela In Natural Tits Spit Edition,Karlee Grey
Karlee And Angela In Natural Tits Spit Edition,Angela White
"Luna, Chloe And Cadence Get Things Drenched From Both Ends",Chloe Carter
"Luna, Chloe And Cadence Get Things Drenched From Both Ends",Luna Lovely
"Luna, Chloe And Cadence Get Things Drenched From Both Ends",Cadence Lux
Naomi And Alex Get Their Gag On,Alex Grey
Naomi And Alex Get Their Gag On,Naomi Woods
"Kacie, Eden And Anastasia Are A Well Oiled Goo Machine",Kacie Castle
"Kacie, Eden And Anastasia Are A Well Oiled Goo Machine",Anastasia Rose
"Kacie, Eden And Anastasia Are A Well Oiled Goo Machine",Eden Sin
Haley And Lily Dole Out Double Helpings Of Sloppy,Lily Labeau
Haley And Lily Dole Out Double Helpings Of Sloppy,Haley Reed
"Holly, Angel And Lily Are Natural Born Spit Swappers",Angel Smalls
"Holly, Angel And Lily Are Natural Born Spit Swappers",Holly Hendrix
"Holly, Angel And Lily Are Natural Born Spit Swappers",Lily Jordan
Abigail And Eva Are Hungry For Cock,Abigail Mac
Abigail And Eva Are Hungry For Cock,Eva Lovia
Riley Has A Throat Made For Fucking,Riley Jenner
Sarah And Vicki Show Messy Sharing Is Caring,Sarah Vandella
Sarah And Vicki Show Messy Sharing Is Caring,Vicki Chase
Jynx Turns Her Mouth Into A Waterpark For A Dick,Jynx Maze
"Ana, Chanell And Skyler Let The Spew And Spittle Fly",Ana Foxxx
"Ana, Chanell And Skyler Let The Spew And Spittle Fly",Chanell Heart
"Ana, Chanell And Skyler Let The Spew And Spittle Fly",Skyler Nicole
"Chloe, Alexa And Summer Prove Drooling Blondes Have More Fun",Summer Day
"Chloe, Alexa And Summer Prove Drooling Blondes Have More Fun",Alexa Grace
"Chloe, Alexa And Summer Prove Drooling Blondes Have More Fun",Chloe Cherry
Zelda And Alyssa Get Some Dick Gurgling Lessons,Alyssa Cole
Zelda And Alyssa Get Some Dick Gurgling Lessons,Zelda Morrison
Jill And Gina In A Sloppy Gargling Suck Party,Gina Valentina
Jill And Gina In A Sloppy Gargling Suck Party,Jill Kassidy
"Adriana, Megan And Lana Get A Slather Drenched Throat Fucking",Adriana Chechik
"Adriana, Megan And Lana Get A Slather Drenched Throat Fucking",Megan Rain
"Adriana, Megan And Lana Get A Slather Drenched Throat Fucking",Lana Rhoades
There Is Spittle Chemistry Between Adriana And Anya,Adriana Chechik
There Is Spittle Chemistry Between Adriana And Anya,Anya Olsen
"Adria, Jill, Arya, Riley And Lily Gulp Spit Stringers",Adria Rae
"Adria, Jill, Arya, Riley And Lily Gulp Spit Stringers",Arya Fae
"Adria, Jill, Arya, Riley And Lily Gulp Spit Stringers",Jill Kassidy
"Adria, Jill, Arya, Riley And Lily Gulp Spit Stringers",Lily Rader
"Adria, Jill, Arya, Riley And Lily Gulp Spit Stringers",Riley Nixon
Sexpots Mia And Lana Savor Every Juicy Drop,Lana Rhoades
Sexpots Mia And Lana Savor Every Juicy Drop,Mia Malkova
"Mega Sluts Selena, Jillian, And Abigail Get A Fellatio Feast",Abigail Mac
"Mega Sluts Selena, Jillian, And Abigail Get A Fellatio Feast",Jillian Janson
"Mega Sluts Selena, Jillian, And Abigail Get A Fellatio Feast",Selena Santana
"Alyssa, Zelda And Roxy Perform Some Messy Mouth Magic",Alyssa Cole
"Alyssa, Zelda And Roxy Perform Some Messy Mouth Magic",Roxy Nicole
"Alyssa, Zelda And Roxy Perform Some Messy Mouth Magic",Zelda Morrison
"Gina, Kimber And Melissa Are Slurpy Knob Bobbing Beauties",Gina Valentina
"Gina, Kimber And Melissa Are Slurpy Knob Bobbing Beauties",Kimber Woods
"Gina, Kimber And Melissa Are Slurpy Knob Bobbing Beauties",Melissa Moore
Sarah Vandella Proves Her Throat Knows No Bounds,Sarah Vandella
Best Friends Amara And Tiffany Gurgle Cum,Amara Romani
Best Friends Amara And Tiffany Gurgle Cum,Tiffany Watson
Cali And Candice Are Total Spit Whores,Cali Carter
Cali And Candice Are Total Spit Whores,Candice Dare
Roxy And Riley  Share A Lathery Saliva Soaked Cock,Riley Jenner
Roxy And Riley  Share A Lathery Saliva Soaked Cock,Roxy Nicole
"Anya, Goldie, And Morgan Hold A Sloppy Spit Gag Fest",Anya Olsen
"Anya, Goldie, And Morgan Hold A Sloppy Spit Gag Fest",Goldie Rush
"Anya, Goldie, And Morgan Hold A Sloppy Spit Gag Fest",Morgan Lee
"Abigail, Kalina And Romi Have A Frothy Drooling Cock Buffet",Abigail Mac
"Abigail, Kalina And Romi Have A Frothy Drooling Cock Buffet",Romi Rain
"Abigail, Kalina And Romi Have A Frothy Drooling Cock Buffet",Kalina Ryu
Lily And Allie Are Sluts For Slobber,Allie Haze
Lily And Allie Are Sluts For Slobber,Lily Labeau
"Amara, Sara And Penny Drool, Slobber And Gag On Cock",Amara Romani
"Amara, Sara And Penny Drool, Slobber And Gag On Cock",Penny Pax
"Amara, Sara And Penny Drool, Slobber And Gag On Cock",Sara Luvv
"Candice, Karlee, Blair And Ana Give A Slobbery Blowjob",Ana Foxxx
"Candice, Karlee, Blair And Ana Give A Slobbery Blowjob",Blair Williams
"Candice, Karlee, Blair And Ana Give A Slobbery Blowjob",Candice Dare
"Candice, Karlee, Blair And Ana Give A Slobbery Blowjob",Karlee Grey
Alex And Gina Suck On Balls And Swap Spit Bubbles,Alex Grey
Alex And Gina Suck On Balls And Swap Spit Bubbles,Gina Valentina
"Salivating Sluts Ana, Vicki And Cali In A Spit Fest",Ana Foxxx
"Salivating Sluts Ana, Vicki And Cali In A Spit Fest",Cali Carter
"Salivating Sluts Ana, Vicki And Cali In A Spit Fest",Vicki Chase
"Alaina, Alex, Anya, Lucy, And Melissa  Are Five Times The Gooey Fun",Alaina Dawson
"Alaina, Alex, Anya, Lucy, And Melissa  Are Five Times The Gooey Fun",Alex Grey
"Alaina, Alex, Anya, Lucy, And Melissa  Are Five Times The Gooey Fun",Anya Olsen
"Alaina, Alex, Anya, Lucy, And Melissa  Are Five Times The Gooey Fun",Lucy Doll
"Alaina, Alex, Anya, Lucy, And Melissa  Are Five Times The Gooey Fun",Melissa Moore
"Rachael, Abella, And  Karmen Have A Cum Swapping Party",Abella Danger
"Rachael, Abella, And  Karmen Have A Cum Swapping Party",Karmen Karma
"Rachael, Abella, And  Karmen Have A Cum Swapping Party",Rachael Madori
"Cherie, Samia, Dollie, Rita And Juelz Make A Mess Out Of A Big Cock",Cherie Deville
"Cherie, Samia, Dollie, Rita And Juelz Make A Mess Out Of A Big Cock",Dollie Darko
"Cherie, Samia, Dollie, Rita And Juelz Make A Mess Out Of A Big Cock",Rita Rush
"Cherie, Samia, Dollie, Rita And Juelz Make A Mess Out Of A Big Cock",Samia Duarte
"Cherie, Samia, Dollie, Rita And Juelz Make A Mess Out Of A Big Cock",Juelz Ventura
Sarah And Blair Gobble Cock And Goo,Sarah Vandella
Sarah And Blair Gobble Cock And Goo,Blair Williams
"Adriana, Megan And Jynx Are A Triple Cock Gagging Threat",Adriana Chechik
"Adriana, Megan And Jynx Are A Triple Cock Gagging Threat",Jynx Maze
"Adriana, Megan And Jynx Are A Triple Cock Gagging Threat",Megan Rain
"Karmen, Layla And Virgo Have Some Spitty, Sloppy Fun",Karmen Karma
"Karmen, Layla And Virgo Have Some Spitty, Sloppy Fun",Layla Price
"Karmen, Layla And Virgo Have Some Spitty, Sloppy Fun",Virgo Peridot
"Cadence, Brittany, Kacie, Kimber And Amara All Slobber On One Cock",Amara Romani
"Cadence, Brittany, Kacie, Kimber And Amara All Slobber On One Cock",Brittany Shae
"Cadence, Brittany, Kacie, Kimber And Amara All Slobber On One Cock",Cadence Lux
"Cadence, Brittany, Kacie, Kimber And Amara All Slobber On One Cock",Kacie Castle
"Cadence, Brittany, Kacie, Kimber And Amara All Slobber On One Cock",Kimber Woods
Marley And Aidra Give The Wettest Blowjob Ever,Aidra Fox
Marley And Aidra Give The Wettest Blowjob Ever,Marley Brinx
"Aidra, Jillian, And Casey Drench Each Other In Spit",Aidra Fox
"Aidra, Jillian, And Casey Drench Each Other In Spit",Casey Calvert
"Aidra, Jillian, And Casey Drench Each Other In Spit",Jillian Janson
"Starlets Riley, Anna Bell And Kalina Take On A Triple Face Fucking",Anna Bell Peaks
"Starlets Riley, Anna Bell And Kalina Take On A Triple Face Fucking",Riley Jenner
"Starlets Riley, Anna Bell And Kalina Take On A Triple Face Fucking",Kalina Ryu
"Madelyn, Teanna And Abella Deepthroat A Huge Cock",Abella Danger
"Madelyn, Teanna And Abella Deepthroat A Huge Cock",Teanna Trump
"Madelyn, Teanna And Abella Deepthroat A Huge Cock",Madelyn Monroe
"Adriana, Marsha, And Kasey Share A Glass Of Cum",Adriana Chechik
"Adriana, Marsha, And Kasey Share A Glass Of Cum",Marsha May
"Adriana, Marsha, And Kasey Share A Glass Of Cum",Kasey Warner
"Cock Gargling Fun With Morgan, Karlee, And Aj",AJ Applegate
"Cock Gargling Fun With Morgan, Karlee, And Aj",Karlee Grey
"Cock Gargling Fun With Morgan, Karlee, And Aj",Morgan Lee
"Allie, Romi And Chanel Test Their Oral Skills On A Cock",Allie Haze
"Allie, Romi And Chanel Test Their Oral Skills On A Cock",Chanel Preston
"Allie, Romi And Chanel Test Their Oral Skills On A Cock",Romi Rain
Marilyn Makes a Cumback,Marilyn Johnson
Jazlyn's Backdoor Cravings,Jazlyn Ray
Anal Delight with Emma,Emma Hix
Fresh Anal for Kylie,Kylie Le Beau
Hazel's Ass Stretching Fun,Hazel Moore
Deep In Jesse's Ass,Jesse Pony
Enjoying Joey's Ass,Joey White
Cali's Bangin' Anal,Cali Caliente
Deep Anal with Alexis,Alexis Tae
Jessie's Premium Ass,Jessie Rogers
Katrina Can Take It All,Katrina Colt
Willow's Tempting Booty,Willow Ryder
Stretching Rory's Ass,Rory Knox
Willow's Love For Anal,Willow Ryder
Slippin' In Sophia's Ass,Sophia Burns
Nicole Does It Up The Ass,Nicole Doshi
Jessie Needs Some More,Jessie Rogers
Lolly Gives Up Her Ass,Lolly Dames
April's Anal Pleasures,April Olsen
Jessie's Big Anal Cumback,Jessie Rogers
Gia's Anal Thrill Ride,Gia DiBella
Katrina's Goes All Out,Katrina Colt
Carmela's Anal Power,Carmela Clutch
Going Inside Heather's Ass,Heather Honey
Mona Wants it All!,Mona Azar
Kylie's Kinky Anal Loving,Kylie Le Beau
Violet’s Epic Anal Return,Violet Starr
Alexis Wants it Anally,Alexis Tae
Anal Madness for Mackenzie,Mackenzie Mace
Giving It To Liz,Liz Jordan
Samantha’s Anal Reign,Samantha Reigns
Hazel’s Hypnotizing Ass,Hazel Moore
Tommy’s Anal Playdate,Tommy King
Maddy’s Anal Training,Maddy May
Jesse Just Wants Anal,Jesse Pony
Rose’s Backdoor Pleasures,Rose Lynn
Rebel’s Anal Thrills,Rebel Rhyder
Balls Deep in Gia,Gia DiBella
Misty’s an Anal Champ,Misty Meaner
Busty Bunny Gives Up the Ass,Bunny Madison
Lily is an Anal Dream,Lily Lou
Deep Anal with Savannah,Savannah Bond
Summer’s Anal Display,Summer Vixen
Ailee’s Hot Anal Desires,Ailee Anne
Busty Katalina Gives Up Her Ass,Katalina Kyle
Kyler’s Gaping Good Time,Kyler Quinn
Brenna’s Ass Invasion,Brenna McKenna
Straight Up Hime’s Ass,Hime Marie
Electra’s Gaping Practice,Electra Rayne
Deep Inside Katalina,Katalina Kyle
Maddy’s Xmas Anal Wish,Maddy May
Brenna Needs Her Ass Banged,Brenna McKenna
All Day Anal For Cassie,Cassie Del Isla
Gaping Tommy’s Ass,Tommy King
Lily’s Love For Anal,Lily Lou
Samantha’s First Anal,Samantha Reigns
Thankful For April’s Ass,April Olsen
Destiny’s Deep Anal Delight,Destiny Cruz
Ass Stretching Lilly,Lilly James
All Up In Bree’s Ass,Bree Star
Back in Brooklyn’s Booty,Brooklyn Gray
Slip Inside of Skylar’s Ass,Skylar Snow
Brenna’s Anal Prowess,Brenna McKenna
Slippin’ Into Honey’s Ass,Honey Hayes
Ailee’s First Anal,Ailee Anne
Goin’ Deep in Tommy’s Ass,Tommy King
Spreading Open Nicole’s Butt,Nicole Aria
An Ass Stretching For Vanessa,Vanessa Vega
Mandy’s Anal Return,Mandy Muse
Lily’s Anal Audition,Lily Lou
Taking Scarlett’s Ass For a Ride,Scarlett Hampton
All About Avery’s Ass,Avery Jane
Penelope is an Anal Princess,Penelope Woods
Erin is an Anal Dream,Erin Everheart
Karma’s Anal Return,Karma Rx
Angel’s Anal Addiction,Angel Youngs
Savannah’s Ass Takes It All,Savannah Bond
Fucking Isabel’s Big Wet Ass,Isabel Moon
Up the Butt For Liz,Liz Jordan
Ana’s Ass is Back For More,Ana Foxxx
Penelope’s Anal Pleasures,Penelope Woods
Hot Anal Desires With Marilyn,Marilyn Johnson
Backdoor Shots With Jackie Ohh,Jackie Ohh
Angel’s Anal Booty Call,Angel Youngs
Bailey’s Butt Needs Gaping,Bailey Base
Leah’s Deep Anal Drilling,Leah Winters
Breaking In Brenna’s Butt,Brenna McKenna
Sommer’s First Anal,Sommer Love
Charlotte's Anal Addiction,Charlotte Sins
Back in April’s Backdoor,April Olsen
Angel’s First Anal Scene,Angel Youngs
Red Hot Anal with Diana,Diana Grace
Carmela’s Big Wet Juicy Ass,Carmela Clutch
Opening Up Jane’s Ass,Jane Wilde
Nicole Gets Her Sweet Ass Fucked,Nicole Sage
Candice Can’t Get Enough,Candice Dare
Inside Isabel’s Ass,Isabel Moon
Liz Jordan's True Anal Tryout,Liz Jordan
Bailey’s Stretchy Asshole,Bailey Base
Lauren’s Anal Adventure,Lauren Phillips
Haley Needs More Anal,Haley Reed
Charlotte's TrueAnal Return,Charlotte Sins
Stretching Holly’s Backdoor,Holly Hendrix
All Up in Paige’s Ass,Paige Owens
Lilly’s Anal Craving,Lilly Hall
Violet’s Anal Cumback,Violet Starr
Anal Day with Maddy May,Maddy May
Dixie Does it Again,Dixie Lynn
Charlotte’s First Anal Scene,Charlotte Sins
Buttsex Magic with Candice,Candice Dare
Can’t Get Enough Of Khloe,Khloe Kapri
Riding Rebel’s Ass,Rebel Rhyder
Anal Playtime with Kayla,Kayla Kayden
Gaping Gabbie’s Ass,Gabbie Carter
Spend ChristmAss with Lilly Hall,Lilly Hall
Kyler’s Gorgeous Gapes,Kyler Quinn
April’s Anal Serving,April Olsen
Riley Steele Is Back For More,Riley Steele
Emma’s Anal Fix,Emma Hix
Adira’s Anal Display,Adira Allure
Vanessa’s Deep Anal Ride,Vanessa Vega
Siri Takes it All,Siri
Ass Stretching Jennifer White,Jennifer White
All Up in Lana’s Ass,Lana Analise
Anal Decadence with Kayla,Kayla Kayden
Bailey’s Talented Ass,Bailey Base
Another Round of Deep Anal with Emma,Emma Starletto
Ashley Lane Loves Anal,Ashley Lane
Nala's First Anal,Nala Nova
Rebel’s Glorious Gapes,Rebel Rhyder
Valentina’s Booty Is Back,Valentina Nappi
Wild Anal With Chloe,Chloe Amour
Ivy's Anal Stuffing,Ivy Lebelle
Emma's First Anal,Emma Starletto
Nailing Nikole From the Back,Nikole Nash
Breaking in the Buttslut,Vanessa Sky
Spreading Chloe Open,Chloe Amour
Anal and Squirting with Adira,Adira Allure
Booty Loving with Lana,Lana Sharapova
Backdoor Drilling with Kay,Kay Carter
Gapes for Days,Anna de Ville
Sophia's First Anal,Sophia Deluxe
Tapping Katrina‘s Ass,Katrina Jade
Stretched Out Nice,Neveah Snow
Fun with Febby’s Ass,Febby Twigs
Dixie's First Anal,Dixie Lynn
Exploring Emma's Butthole,Emma Hix
Out of This World Anal with Gia,Gia Derza
Leah’s First Anal,Leah Winters
Alexis' Anal Adventure,Alexis Tae
Adira's First Anal,Adira Allure
Nia's Naughty Return,Nia Nacci
Violet's First Anal,Violet Starr
A Second Serving of Bella,Bella Jane
Savannah's Anal Ride,Savannah Bond
Eliza's First Anal,Eliza Ibarra
Maximum Stretch for Chanel,Chanel Grey
Booty Love with Bella,Bella Rolland
Down Under Savannah,Savannah Bond
Alexis' First Anal,Alexis Tae
Polishing Valentina’s Jewel,Valentina Jewels
Rear End Service for Kyler,Kyler Quinn
Big Booty Bouncing with Savannah,Savannah Bond
Deep Anal Access with Riley,Riley Steele
Nia's First Anal,Nia Nacci
Vina is Back for More,Vina Sky
Gape Orientation with Lexi,Lexi Lore
Brooklyn's First Anal,Brooklyn Gray
Red Hot Anal for Katrina,Katrina Jade
PAWG Pleasures with Candice,Candice Dare
Kyler's First Anal,Kyler Quinn
Round Two with Blair,Blair Underwood
Harmony’s First Anal,Harmony Wonder
Handling Hime’s Heinie,Hime Marie
Arietta's Anal Prowess,Arietta Adams
Bella's First Anal,Bella Jane
Stretching Vina’s Backside,Vina Sky
Cashing in with Casey,Casey Calvert
Aaliyah’s Booty Workout,Aaliyah Hadid
Anal the Wright Way,Whitney Wright
Sweet Anal with a Cherry on Top,Chloe Cherry
Gia's First Anal,Gia Vendetti
Emily's Tasty Gapes,Emily Willis
Daisy's Dynamite Display,Daisy Stone
Jane Is an Anal Princess,Jane Wilde
Vina's Special Day,Vina Sky
Filling Up on Honey,Honey Blossom
Blair's First Anal,Blair Underwood
Addicted to Gia,Gia Paige
Anal Creampie for Maria,Maria Jade
Valentina's First Anal,Valentina Jewels
Paige Loves Anal,Paige Owens
Naomi's First Anal,Naomi Blue
Arietta’s Anal Training,Arietta Adams
Hot Times with Katrina Jade,Katrina Jade
A Tight Fit for Zoe,Zoe Bloom
Antonella's First Anal,Antonella La Sirena
Another Round of Gia,Gia Paige
Karma's Anal Prescription,Karma Rx
Anal Catch Up with Alex,Alex Grey
Lily Likes It from Behind,Lily Adams
Khloe Wants More,Khloe Kapri
Anastasia Lets Us In,Anastasia Knight
Zoe's Asshole Blooms,Zoe Bloom
Lisa's Royal Anal Treatment,Lisa Ann
Backdoor Beginnings for Kayla,Kayla Paris
Arietta’s Anal Introduction,Arietta Adams
Kendra's TrueAnal Comeback,Kendra Lust
Khloe's Anal Debut,Khloe Kapri
Marley's Anal Adventure,Marley Brinx
Gapes Galore with Gia,Gia Milana
Layla is Back with a Vengeance,Layla Love
Naomi and Anastasia Make a Filthy Duo,Anastasia Knight
Naomi and Anastasia Make a Filthy Duo,Naomi Blue
Bottoms Up with Brenna,Brenna Sparks
Rina Gets Her Asshole Stretched Out,Rina Ellis
Anal Expertise with Nina,Nina Elle
Balls Deep in Joanna's Ass,Joanna Angel
First Anal for Layla,Layla Love
'Tis The Anal Season,Riley Reid
Can't Get Enough of Gia,Gia Paige
Angela Takes Over,Angela White
More Anal For Mi Ha,Mi Ha Doan
Round 2 With Kissa,Kissa Sins
Enjoying Karmen's Cake,Karmen Karma
Athena and Keira are Anal Besties,Athena Rayne
Athena and Keira are Anal Besties,Keira Croft
Back In Gia's Ass,Gia Paige
Stuffing Abella's Butt,Abella Danger
Training Kenzie's Ass,Kenzie Reeves
Anastasia’s Anal Return,Anastasia Knight
Popping Lily's Anal Cherry,Lily Adams
Bff Butt Fucking With Maria And Anastasia,Anastasia Rose
Bff Butt Fucking With Maria And Anastasia,Maria Jade
Rectal Fuckfest With Anna And Jane,Anna de Ville
Rectal Fuckfest With Anna And Jane,Jane Wilde
Alexis Goes Anal,Alexis Monroe
No Holes Barred With Barbie And Sophia,Barbie Sins
No Holes Barred With Barbie And Sophia,Sophia Grace
Anastasia’s Anal Initiation,Anastasia Knight
Ana Does It All,Ana Foxxx
Filling Up Aj's Butt,AJ Applegate
Backdoor Addiction With Emily,Emily Willis
Perverted Pleasures With Kissa,Kissa Sins
Stretching Lola's Ass,Lola Fae
Mi Ha’s First Anal,Mi Ha Doan
Raunchy Anal Action With Jessica And Pepper,Pepper Hart
Raunchy Anal Action With Jessica And Pepper,Jessica Rex
Butthole Pleasures With Daisy,Daisy Stone
Breaking In Brooke,Brooke Beretta
Deep Assfucking For Jillian,Jillian Janson
Anal Love With Chloe,Chloe Amour
Anal Teamwork With Ivy And Giselle,Ivy Lebelle
Anal Teamwork With Ivy And Giselle,Giselle Palmer
Threesome Fantasy With Kendra And Maya,Kendra Spade
Threesome Fantasy With Kendra And Maya,Maya Bijou
Digging Deep Into Jane,Jane Wilde
Tapping Kagney's Ass,Kagney Linn Karter
All About The Gapes With Riley And Samantha,Riley Nixon
All About The Gapes With Riley And Samantha,Samantha Rone
Veronica And Tara Show How It’s Done,Tara Ashley
Veronica And Tara Show How It’s Done,Veronica Avluv
Romi's Bubble Butt Workout,Romi Rain
Anal Tag Team With Adriana And Jynx,Adriana Chechik
Anal Tag Team With Adriana And Jynx,Jynx Maze
Fantastic Anal With Luna,Luna Rival
Lana And Riley Team Up,Lana Rhoades
Lana And Riley Team Up,Riley Reid
Lena Is Horny And Ready To Get Nasty,Lena Paul
Brazilian Buttsex With Gina,Gina Valentina
Booty Love With Angela And Kissa,Angela White
Booty Love With Angela And Kissa,Kissa Sins
A Special Treat From Cali And Lilly,Cali Carter
A Special Treat From Cali And Lilly,Lilly Lit
Ass Masterpiece With Lana,Lana Rhoades
Back In Riley’s Backdoor,Riley Reid
Servicing Brooklyn’s Behind,Brooklyn Chase
Butthole Tryout With Gia,Gia Derza
Breaking In Kaylani's Ass,Kaylani Lei
Anal Lust With Kendra,Kendra Lust
Serious Gaping Skills With Chloe And Kendra,Chloe Cherry
Serious Gaping Skills With Chloe And Kendra,Kendra Spade
Backdoor Creampie For Marilyn,Marilyn Mansion
Down And Dirty With Natalia And Eden,Eden Sin
Down And Dirty With Natalia And Eden,Natalia Starr
Hard Anal For Haley,Haley Reed
Tag Team Dream With Lilly And Lily,Lilly Hall
Tag Team Dream With Lilly And Lily,Lily Rader
Taylor Gets Sodomized,Taylor Sands
Anna Bell Is Hungry For Anal,Anna Bell Peaks
Adria Gives Up Her Ass,Adria Rae
Getting Nasty With Luna And Aaliyah,Aaliyah Hadid
Getting Nasty With Luna And Aaliyah,Luna Star
Anya Is Back For More,Anya Olsen
Marley And Lily Play Well Together,Marley Brinx
Marley And Lily Play Well Together,Lily Adams
Ariana’s Booty Gets Drilled,Ariana Marie
Hot New Anal Fun With Nikki,Nikki Benz
Anal Encore With Mia,Mia Malkova
Anal Playtime With Riley,Riley Reid
Gina & Khloe Are A Double Threat,Gina Valentina
Gina & Khloe Are A Double Threat,Khloe Kapri
Anal & Atm Action With Haley & Chloe,Chloe Cherry
Anal & Atm Action With Haley & Chloe,Haley Reed
Ava’s Last Anal Ride,Ava Addams
Deep In Arya’s Rear End,Arya Fae
Taylor & Haley Make A Great Team,Haley Reed
Taylor & Haley Make A Great Team,Taylor Sands
Stretching Jessa’s Tight Hole,Jessa Rhodes
Asshole Audition With Riley And Arya,Arya Fae
Asshole Audition With Riley And Arya,Riley Nixon
Angela's Monster Ass And Tits Are On Full Display,Angela White
Straight Up Inside Anya's Tight Little Asshole,Anya Olsen
Keisha And Karlee Are Craving The Cock,Karlee Grey
Keisha And Karlee Are Craving The Cock,Keisha Grey
Gagging And Gaping With Anya And Jillian,Anya Olsen
Gagging And Gaping With Anya And Jillian,Jillian Janson
Alex Goes All Out Nasty In Her Backdoor Audition,Alex Grey
Anal And Squirting Fun With Adriana And Megan,Adriana Chechik
Anal And Squirting Fun With Adriana And Megan,Megan Rain
Watch Mia's Juicy Bubble Butt Get Split Wide Open,Mia Malkova
True Anal Gaping Glory With Sexy Lana,Lana Rhoades
Allie And Lily Get Their Assholes Drilled,Allie Haze
Allie And Lily Get Their Assholes Drilled,Lily LaBeau
Kylie's Ass Works Overtime,Kylie Sinner
Cadence And Cherie's Trash Talking Threesome,Cadence Lux
Cadence And Cherie's Trash Talking Threesome,Cherie DeVille
Violet And Anna Enjoy A Sodomy Threesome,Anna de Ville
Violet And Anna Enjoy A Sodomy Threesome,Violet Monroe
Chloe Loves Ass-to-mouth Flavor,Chloe Amour
Megan Performs The Anal Deed,Megan Rain
Cadence Coaches Kacie,Cadence Lux
Cadence Coaches Kacie,Kacie Castle
Anna Wants Her Ass Stuffed,Anna de Ville
Samantha Craves A Pounding,Samantha Rone
Gia Enjoys Juicy Anal,Gia Paige
Jade's Ass Rides A Shaft,Jade Jantzen
Amara And Holly Get Asses Filled,Amara Romani
Amara And Holly Get Asses Filled,Holly Hendrix
Jynx Lives For Anal,Jynx Maze
Bella Ready For Nasty Anal,Bella Reese
Jillian And Gia Have Tender Asses,Gia Love
Jillian And Gia Have Tender Asses,Jillian Janson
Anna Has Some Sodomizing Fun,Anna de Ville
Aspen's Rectal Reaming,Aspen Ora
Kelsi's Booty Gets Drilled,Kelsi Monroe
Candice Proves Gapable,Candice Dare
Marley Is Ready For An Ass Pounding,Marley Brinx
Abby Gets Her Tail Worked,Abby Lee Brazil
Mandy And Kylie Make Dreams Come True,Kylie Sinner
Mandy And Kylie Make Dreams Come True,Mandy Muse
Kylie And Rachele Atm Madness,Kylie Sinner
Kylie And Rachele Atm Madness,Rachele Richey
Megan Feels The Backside Heat,Megan Rain
Samantha Gets A Royal Ass Fucking,Samantha Rone
Chloe And Cali’s Taste Of Anal,Cali Carter
Chloe And Cali’s Taste Of Anal,Chloe Amour
Casey Receives A Rectal Ride,Casey Calvert
Sarah And Alli’s Bubble Butt Bang,Alli Rae
Sarah And Alli’s Bubble Butt Bang,Sarah Vandella
Jynx And Kasey's Anal Dessert,Kasey Warner
Jynx And Kasey's Anal Dessert,Jynx Maze
Yhivi's Anal Assassination,Yhivi
Adriana's Asshole Blooms,Adriana Chechik
Marley And Jade's Measuring Tape Gape,Jade Nile
Marley And Jade's Measuring Tape Gape,Marley Brinx
Marsha And Megan Make A Mean Team,Marsha May
Marsha And Megan Make A Mean Team,Megan Rain
Abella And Teanna Are Young Little Sluts,Abella Danger
Abella And Teanna Are Young Little Sluts,Teanna Trump
Valentina Bends Her Ass Over,Valentina Nappi
Nasty Neon Lovers Megan And Morgan,Megan Rain
Nasty Neon Lovers Megan And Morgan,Morgan Lee
Marley Is Excited For Sodomy,Marley Brinx
Abella And Gabriella's Booty Bonanza,Abella Danger
Abella And Gabriella's Booty Bonanza,Gabriella Paltrova
Romi's Intense Anal Action,Romi Rain
Aidra Loves It From Behind,Aidra Fox
Jillian Gets Her Asshole Worked,Jillian Janson
Adriana And Karmen Go On An Anal Adventure,Adriana Chechik
Adriana And Karmen Go On An Anal Adventure,Karmen Karma
Skyla Spins On a Big One,Skyla Sun
Making Mandy Wet,Mandy Waters
Riding Vivianne’s Ass,Vivianne DeSilva
Laying Pipe In Layla’s Throat,Layla Jenner
Babi’s Anal Affair,Babi Star
Nova Heats Things Up,Nova Flame
Kay & Ameena’s Dicksucking Date,Kay Lovely
Kay & Ameena’s Dicksucking Date,Ameena Green
Nasty Nat Cant Be Stopped,Natalie Brooks
Khloe Cums Back For More,Khloe Kapri
Katrina’s Big Anal Return!,Katrina Jade
Xochi's Anal Expectations,Xochi Moon
Kendra’s Ass Needs Cock,Kendra Cole
Ass Fucking Lily,Lily Lou
Nasty Nat is Back!,Natalie Brooks
Penelope Wants It Up Her Ass,Penelope Woods
Katrina Can’t Wait,Katrina Colt
Welcumming Back Paige’s Booty,Paige Owens
Cassidy Gets AssFucked,Cassidy Luxe
Double Dose of Dicksucking With Rose & Sophia,Rose Lynn
Double Dose of Dicksucking With Rose & Sophia,Sophia Burns
Willow Wants More,Willow Ryder
Jane's Anal Skills,Jane Wilde
Fucking Katie’s Tight Butt,Katie Kinz
Willow & Harley Make a Lovely Mess,Willow Ryder
Willow & Harley Make a Lovely Mess,Harley King
Giving Graycee’s Ass Attention,Graycee Baybee
"Mia, Jaymee & Kate Slurp Things Up",Mia Molotov
"Mia, Jaymee & Kate Slurp Things Up",Jaymee Green
"Mia, Jaymee & Kate Slurp Things Up",Kate Dalia
Emma Wants It Deep,Emma Rosie
Avery’s Ass Never Disappoints,Avery Jane
Taking Willow & Nicole’s Asses For a Ride,Willow Ryder
Taking Willow & Nicole’s Asses For a Ride,Nicole Doshi
Rousing Deepthroat With Roxie & Sophia,Roxie Sinner
Rousing Deepthroat With Roxie & Sophia,Sophia Burns
A Cock To Share For Aria & Tiana,Aria Valencia
A Cock To Share For Aria & Tiana,Tiana Blow
Nadia Needs A Lesson in Anal,Nadia Noja
Getting In Gia's Backdoor,Gia DiBella
Cali’s Booty Cravings,Cali Caliente
Nicole Needs Her Butt Stretched,Nicole Doshi
Ashley’s Insatiable Ass,Ashley Lane
Sophia Will Blow You Away,Sophia Burns
Kylie Craves Anal,Kylie Le Beau
Khloe Can’t Get Enough Anal,Khloe Kapri
All Up In Nicole’s Ass,Nicole Aria
Lydia Loves Anal Creampies,Lydia Black
Something For Sophia's Backdoor,Sophia Burns
Aria & Tiana Team Up,Tiana Blow
Aria & Tiana Team Up,Aria Valencia
Very Tempting Valerica,Valerica Steele
Plugging Paige's Ass,Paige Owens
Violet Gets Rimmed,Violet Starr
Deep In Brooklyn's Face,Brooklyn Gray
Cumming Hard In Christina,Christina Shine
Selena Loves To Cum,Selena Love
More Anal For Penelope,Penelope Woods
Anal Playtime With Katrina and Jada,Katrina Colt
Anal Playtime With Katrina and Jada,Jada Cruz
Maya and Hazel Swap Spit,Maya Farrell
Maya and Hazel Swap Spit,Hazel Paige
Hot Oral From Harley,Harley King
Mila's Outdoor Anal Bang,Mila Taylor
Naughty Head From Naudi,Naudi Nala
Cum Guzzling Clara,Clara Trinity
Nicole's Anal Needs,Nicole Aria
Take It Outside With Gia,Gia Derza
Droolworthy Penelope,Penelope Woods
Ashley & Paige Open Up Their Butts,Ashley Lane
Ashley & Paige Open Up Their Butts,Paige Owens
Anal Madness With Rebel,Rebel Rhyder
Jamie Can't Stop Drooling,Jamie Jett
Getting It In With JC & Kallie,Kallie Taylor
Getting It In With JC & Kallie,Jc Wilds
Making the Most of Mazy,Mazy Myers
Eliza Loves Being a Cocksucking Slut,Eliza Ibarra
She Loves Getting Face Fucked!,Brooklyn Gray
Kylie Can Be Slutty,Kylie Quinn
Hot & Horny for Harley,Harley King
Sam Swallows A Load,Samantha Reigns
Raunchy Good Times With Rebel,Rebel Rhyder
Jamie and Alex Are Dick Sharing Friends - Part 1,Jamie Jett
Jamie and Alex Are Dick Sharing Friends - Part 1,Alex Coal
Another Ride in Rebel,Rebel Rhyder
Going Hard For Jane's Ass,Jane Wilde
Penetrating Penelope's Back Door,Penelope Woods
Bella Backs It Up,Bella Luna
Lana Can't Stop The Drool,Lana Analise
Kat Craves a Huge Cock,Kat Chase
A Taste of Amber,Amber Moore
Jamie and Alex Are Dick Sharing Friends - Part 2,Jamie Jett
Jamie and Alex Are Dick Sharing Friends - Part 2,Alex Coal
Back Door Booty Call with Nicole,Nicole Aria
Ashley's All About Pleasure,Ashley Lane
Chloe Gets Creampied,Chloe Cherry
Khole Loves Sucking Cock,Khloe Kapri
All About Avery's Ass,Avery Jane
Gracie's Gonna Give Up The Booty,Gracie Gates
Something For Scarlett's Ass,Scarlett Hampton
Leah's Ass Needs A Load,Leah Winters
Chanell Wants Your Dick Down Her Throat,Chanell Heart
Anal At Night With Alexis,Alexis Tae
Honey Isn't That Innocent,Honey Hayes
Kylie Gets Rimmed,Kylie Rocket
Brenna Begs for It,Brenna McKenna
London's Cream Filled Hole,London River
Jasmine and Reina Are In Love,Reina Heart
Jasmine and Reina Are In Love,Jasmine Wilde
Lola Loves Her Pussy Drilled,Lola Mai
Getting It In With Yumi Sin,Yumi Sin
Bree Is Here To Bang,Bree Star
Angel's Ass Craves Attention,Angel Youngs
Nikole Throat Fucks Her Love,Nikole Nash
Chanel's Creamy Pussy,Chanel Camryn
Bailey Wants Her Pussy Fucked,Bailey Base
A Naughty Quickie With Natalie,Natalie Brooks
Filling Anna's Chambers,Anna Chambers
Maya Makes It Wet,Maya Farrell
Head Session with Haley,Haley Reed
April's Anal Creampie Wish,April Olsen
All Up Inside of Aria,Aria Banks
Fucking On Fallon's Ass,Fallon West
Rose Lynn Likes It Sloppy,Rose Lynn
Some Hot Sex With Serena,Serena Santos
Humping Heather's Pussy,Heather Honey
Making Megan Moan,Megan Hughes
Venus Is Feeling Very Frisky,Venus Vera
Summer's Loving Suck Down,Sommer Love
Popping Aliee's Pussy,Ailee Anne
Creaming In Chloe's Ass,Chloe Cherry
Tommy's Tempting Booty,Tommy King
Leanna Loves Swallowing Loads,Leana Lovings
Sweet Riley May Suck Your Dick,Riley Mae
Roxie Revs Up The Heat,Roxie Sinner
Lumi's Lustful Cocksucking,Lumi Ray
Zerella's Deepthroat Challenge,Zerella Skies
Short-Haired Sidra's Ass Wants Cum,Sidra Sage
Numi Is Naturally Naughty,Numi  Zarah
Summer Is a Stretchy Super Slut,Summer Vixen
Summer & Octavia's Suction Session,Summer Vixen
Summer & Octavia's Suction Session,Octavia Red
Letting Lindsey Open Up,
Natalie & Avery Get Nasty,Avery Jane
Natalie & Avery Get Nasty,Natalie Brooks
Fiona & Sky Let Loose,Fiona Sprouts
Fiona & Sky Let Loose,Sky Pierce
Chloe & Corra Cum Together,Corra Cox
Chloe & Corra Cum Together,Chloe Tempe
Vanessa's Very Fuckable Ass,Vanessa Vega
Fucking With XxLayna,XxLayna Marie
Filling Up MJ's Fresh Pussy,MJ Fresh
Gettin' Comfy In Dixie's Ass,Dixie Jewel
Jasmine Juices The Jizz Out,Jasmine Wilde
Gia Goes All The Way,Gia Ohmy
Gooning For Gia's Ass,Gia DiBella
Leda's Lethal Booty,Leda Lotharia
Violet's Verifiably Good Pussy,Violet Myers
Haley & Mia Try Something New - Part 2,Haley Reed
Haley & Mia Try Something New - Part 2,Mia Kay
Haley & Mia Try Something New - Part 1,Haley Reed
Haley & Mia Try Something New - Part 1,Mia Kay